contrast,arm,representation,target,readout,reference_arm,reference_representation,reference,candidate,change_percent,ci95_lower,ci95_upper,roots,roots_improved
training,A-observed,exported,current_order,ridge,A-observed,initial_exported,0.42532624232841276,0.41927939792347896,-1.4216955840370638,-2.3477878542940145,-0.4412966167629146,15,11
descriptor_control,A-observed,exported,current_order,ridge,A-observed,descriptor,0.35933296135425036,0.41927939792347896,16.6826990608663,10.614178842150864,22.343494621857122,15,1
training,A-observed,exported,current_order,residual,A-observed,initial_exported,0.4252259895213362,0.41927939792347896,-1.3984544088076922,-2.228235680089738,-0.4369264437022365,15,11
descriptor_control,A-observed,exported,current_order,residual,A-observed,descriptor,0.35933296135425036,0.41927939792347896,16.6826990608663,10.614178842150864,22.343494621857122,15,1
training,A-observed,exported,future_order_12,ridge,A-observed,initial_exported,0.5750711937062234,0.574724514010471,-0.06028465684712048,-0.4356929186160072,0.3644612485164031,15,7
descriptor_control,A-observed,exported,future_order_12,ridge,A-observed,descriptor,0.5922071368684105,0.574724514010471,-2.952112828357256,-4.5609992456350295,-1.2714147141885765,15,11
persistence,A-observed,exported,future_order_12,ridge,A-observed,persistence,0.8955950880579524,0.574724514010471,-35.82763888793441,-39.23929116268396,-32.027296320100504,15,15
training,A-observed,exported,future_order_12,residual,A-observed,initial_exported,0.5750711937062234,0.574724514010471,-0.06028465684712048,-0.4356929186160072,0.3644612485164031,15,7
descriptor_control,A-observed,exported,future_order_12,residual,A-observed,descriptor,0.5922071368684105,0.574724514010471,-2.952112828357256,-4.5609992456350295,-1.2714147141885765,15,11
persistence,A-observed,exported,future_order_12,residual,A-observed,persistence,0.8955950880579524,0.574724514010471,-35.82763888793441,-39.23929116268396,-32.027296320100504,15,15
training,A-observed,exported,future_order_3,ridge,A-observed,initial_exported,0.5643622322833539,0.563453991792868,-0.1609321883236592,-0.3481186315140436,0.03005239246035332,15,10
descriptor_control,A-observed,exported,future_order_3,ridge,A-observed,descriptor,0.5754496781163801,0.563453991792868,-2.084576076708844,-3.434454162126056,-0.4657132494357877,15,10
persistence,A-observed,exported,future_order_3,ridge,A-observed,persistence,0.8318929066854726,0.563453991792868,-32.26844618283272,-35.29731869079942,-28.300759156156584,15,15
training,A-observed,exported,future_order_3,residual,A-observed,initial_exported,0.5643622322833539,0.5658132904533418,0.2571146839711602,-0.3967844494961578,0.9701618212351025,15,6
descriptor_control,A-observed,exported,future_order_3,residual,A-observed,descriptor,0.5754496781163801,0.5658132904533418,-1.6745839001215734,-3.0417685153339327,0.08711327040671168,15,10
persistence,A-observed,exported,future_order_3,residual,A-observed,persistence,0.8318929066854726,0.5658132904533418,-31.98484012711168,-35.13242219648225,-27.82285905448473,15,15
training,A-observed,exported,future_order_9,ridge,A-observed,initial_exported,0.5566632639285749,0.5542073513910244,-0.4411845898035782,-0.7740539612667224,-0.10600046687047775,15,10
descriptor_control,A-observed,exported,future_order_9,ridge,A-observed,descriptor,0.56694166594634,0.5542073513910244,-2.246141943732338,-3.9793746758465054,-0.2572052889011697,15,11
persistence,A-observed,exported,future_order_9,ridge,A-observed,persistence,0.8820290234427766,0.5542073513910244,-37.166767004126854,-39.36974709521697,-34.29062904868343,15,15
training,A-observed,exported,future_order_9,residual,A-observed,initial_exported,0.5526959405795865,0.5542073513910244,0.2734615365282078,-0.190878264761411,0.6863030279793281,15,5
descriptor_control,A-observed,exported,future_order_9,residual,A-observed,descriptor,0.56694166594634,0.5542073513910244,-2.246141943732338,-3.9793746758465054,-0.2572052889011697,15,11
persistence,A-observed,exported,future_order_9,residual,A-observed,persistence,0.8820290234427766,0.5542073513910244,-37.166767004126854,-39.36974709521697,-34.29062904868343,15,15
training,A-observed,exported,hazard,linear,A-observed,initial_exported,0.18803965213398138,0.20576552028457323,9.426665040819081,3.1048202120298507,18.90515593950415,15,1
descriptor_control,A-observed,exported,hazard,linear,A-observed,descriptor,0.22257782916227978,0.20576552028457323,-7.553451725620352,-14.25210201930673,2.188584088783516,15,8
training,A-observed,exported,hazard,mlp,A-observed,initial_exported,0.2253232952207327,0.21501451594134172,-4.575105858136963,-8.175311092015006,-1.477741451137992,15,11
descriptor_control,A-observed,exported,hazard,mlp,A-observed,descriptor,0.1955980010330677,0.21501451594134172,9.926745061669351,-5.397544186945038,27.71278800062711,15,6
training,A-observed,exported,observed_angular,ridge,A-observed,initial_exported,0.9129359048887166,0.9061859791825342,-0.73936468814918,-1.1659125635488898,-0.3511095425016626,15,11
descriptor_control,A-observed,exported,observed_angular,ridge,A-observed,descriptor,0.7133781461641462,0.9061859791825342,27.027437559605794,24.15189447316951,30.583195148837895,15,0
training,A-observed,exported,observed_angular,residual,A-observed,initial_exported,0.9132016837931158,0.9061859791825342,-0.7682535780530908,-1.2713772869006938,-0.3386668957888076,15,13
descriptor_control,A-observed,exported,observed_angular,residual,A-observed,descriptor,0.7133781461641462,0.9061859791825342,27.027437559605794,24.15189447316951,30.583195148837895,15,0
training,A-observed,exported,observed_l6,ridge,A-observed,initial_exported,0.26529596754004237,0.2647336977113654,-0.2119405861651824,-0.9280915275116319,0.46882112511603335,15,7
descriptor_control,A-observed,exported,observed_l6,ridge,A-observed,descriptor,0.2894583528169891,0.2647336977113654,-8.54169688489036,-11.362805439138429,-5.669616954255811,15,13
training,A-observed,exported,observed_l6,residual,A-observed,initial_exported,0.26529596754004237,0.2647336977113654,-0.2119405861651824,-0.9280915275116319,0.46882112511603335,15,7
descriptor_control,A-observed,exported,observed_l6,residual,A-observed,descriptor,0.29157904595716694,0.2647336977113654,-9.206885274514931,-12.015642045230443,-6.054659556069702,15,13
training,A-observed,exported,observed_radial,ridge,A-observed,initial_exported,0.07069043030613101,0.07244860375521547,2.487144923960072,1.2741341962571784,3.8170546673063157,15,2
descriptor_control,A-observed,exported,observed_radial,ridge,A-observed,descriptor,1.4561351748141085e-13,0.07244860375521547,49754037268084.48,44736497042372.78,55169762647751.81,15,0
training,A-observed,exported,observed_radial,residual,A-observed,initial_exported,0.07069043030613101,0.07244860375521547,2.487144923960072,1.2741341962571784,3.8170546673063157,15,2
descriptor_control,A-observed,exported,observed_radial,residual,A-observed,descriptor,1.4561351748141085e-13,0.07244860375521547,49754037268084.48,44736497042372.78,55169762647751.81,15,0
training,A-observed,exported,relaxed_angular,ridge,A-observed,initial_exported,0.8283775409174614,0.8333937517535995,0.6055464553737844,-0.6305637237938624,1.914120735862324,15,6
descriptor_control,A-observed,exported,relaxed_angular,ridge,A-observed,descriptor,0.7926899414923788,0.8333937517535995,5.13489677749519,2.0483686203609652,9.59949155073703,15,5
training,A-observed,exported,relaxed_angular,residual,A-observed,initial_exported,0.8283775409174614,0.8333937517535995,0.6055464553737844,-0.6305637237938624,1.914120735862324,15,6
descriptor_control,A-observed,exported,relaxed_angular,residual,A-observed,descriptor,0.7926899414923788,0.8333937517535995,5.13489677749519,2.0483686203609652,9.59949155073703,15,5
training,A-observed,exported,relaxed_l6,ridge,A-observed,initial_exported,0.23283597997395866,0.23313931129967955,0.13027682652604344,-0.4010945681001285,0.7111428475875395,15,7
descriptor_control,A-observed,exported,relaxed_l6,ridge,A-observed,descriptor,0.2545809886464284,0.23313931129967955,-8.42234035650159,-11.13787899105085,-5.476105393546839,15,14
training,A-observed,exported,relaxed_l6,residual,A-observed,initial_exported,0.23283597997395866,0.23313931129967955,0.13027682652604344,-0.4010945681001285,0.7111428475875395,15,7
descriptor_control,A-observed,exported,relaxed_l6,residual,A-observed,descriptor,0.2545809886464284,0.23313931129967955,-8.42234035650159,-11.13787899105085,-5.476105393546839,15,14
training,A-observed,exported,relaxed_radial,ridge,A-observed,initial_exported,0.5552913081203564,0.5525608864860636,-0.49170977365650126,-1.8013441221935458,0.8742604131720867,15,9
descriptor_control,A-observed,exported,relaxed_radial,ridge,A-observed,descriptor,0.5509211532967825,0.5525608864860636,0.2976348211479518,-1.756469343858653,2.0998968699186733,15,5
training,A-observed,exported,relaxed_radial,residual,A-observed,initial_exported,0.5552913081203564,0.5525608864860636,-0.49170977365650126,-1.8013441221935458,0.8742604131720867,15,9
descriptor_control,A-observed,exported,relaxed_radial,residual,A-observed,descriptor,0.5509211532967825,0.5525608864860636,0.2976348211479518,-1.756469343858653,2.0998968699186733,15,5
training,A-observed,pooled,current_order,ridge,A-observed,initial_pooled,0.4223524591793656,0.42332816420193053,0.23101677316161862,0.1276207572963628,0.3550260647166047,15,5
training,A-observed,pooled,current_order,residual,A-observed,initial_pooled,0.41429365604698737,0.41588248208673073,0.38350238207924825,0.2507747509444208,0.553517987584714,15,3
training,A-observed,pooled,future_order_12,ridge,A-observed,initial_pooled,0.5747376649256454,0.5748275175043409,0.015633668050485383,-0.028423983001360786,0.05836574159189754,15,6
persistence,A-observed,pooled,future_order_12,ridge,A-observed,persistence,0.8955950880579524,0.5748275175043409,-35.81613776479926,-39.3417742400034,-31.755553147976894,15,15
training,A-observed,pooled,future_order_12,residual,A-observed,initial_pooled,0.5747376649256454,0.5748275175043409,0.015633668050485383,-0.028423983001360786,0.05836574159189754,15,6
persistence,A-observed,pooled,future_order_12,residual,A-observed,persistence,0.8955950880579524,0.5748275175043409,-35.81613776479926,-39.3417742400034,-31.755553147976894,15,15
training,A-observed,pooled,future_order_3,ridge,A-observed,initial_pooled,0.5694822188319575,0.5694876874893423,0.0009602858884738552,-0.08194236937579119,0.08838112250983883,15,8
persistence,A-observed,pooled,future_order_3,ridge,A-observed,persistence,0.8318929066854726,0.5694876874893423,-31.543149014412997,-34.46192724972736,-27.876874003255274,15,15
training,A-observed,pooled,future_order_3,residual,A-observed,initial_pooled,0.5686717130355047,0.5688141911075012,0.025054538274105198,-0.04896876533603767,0.10433919473500196,15,7
persistence,A-observed,pooled,future_order_3,residual,A-observed,persistence,0.8318929066854726,0.5688141911075012,-31.624108519708514,-34.74529011190593,-27.71432003275094,15,15
training,A-observed,pooled,future_order_9,ridge,A-observed,initial_pooled,0.5561329493478476,0.5562139419693337,0.01456353585613801,-0.06024708647003607,0.08889562024358143,15,9
persistence,A-observed,pooled,future_order_9,ridge,A-observed,persistence,0.8820290234427766,0.5562139419693337,-36.939269889522045,-39.195160339364236,-33.87627368914552,15,15
training,A-observed,pooled,future_order_9,residual,A-observed,initial_pooled,0.547498149330584,0.5482340020069187,0.1344027696229544,0.04181606976315477,0.22824234986674014,15,4
persistence,A-observed,pooled,future_order_9,residual,A-observed,persistence,0.8820290234427766,0.5482340020069187,-37.84399521605011,-40.11188980951443,-34.87458868854083,15,15
training,A-observed,pooled,observed_angular,ridge,A-observed,initial_pooled,0.9070907802420047,0.9076465052958993,0.061264546614214765,-0.1287405585132112,0.2598556876299224,15,6
training,A-observed,pooled,observed_angular,residual,A-observed,initial_pooled,0.9172840128554652,0.9189685230957342,0.1836410769904484,-0.024000214602460934,0.3942010205979523,15,4
training,A-observed,pooled,observed_l6,ridge,A-observed,initial_pooled,0.2667444208696608,0.2667022206599197,-0.015820465749016854,-0.20882040829539844,0.198469764548495,15,7
training,A-observed,pooled,observed_l6,residual,A-observed,initial_pooled,0.26702280527478356,0.26684139930996026,-0.06793650626081282,-0.23923931058740522,0.11343992997192405,15,7
training,A-observed,pooled,observed_radial,ridge,A-observed,initial_pooled,0.07853445061970753,0.08070424780073687,2.762860329330241,2.1951590638732816,3.3656106637796768,15,1
training,A-observed,pooled,observed_radial,residual,A-observed,initial_pooled,0.07649040879818977,0.07850641021080294,2.6356264063539525,2.084691818482403,3.2130575373898234,15,1
training,A-observed,pooled,relaxed_angular,ridge,A-observed,initial_pooled,0.8247219103857506,0.8241745326815058,-0.06637118492326399,-0.16218262738428024,0.027179772097926606,15,8
training,A-observed,pooled,relaxed_angular,residual,A-observed,initial_pooled,0.825999950771777,0.8256799198044681,-0.03874467147484406,-0.12793492270984558,0.05283402875021547,15,8
training,A-observed,pooled,relaxed_l6,ridge,A-observed,initial_pooled,0.23137302187597603,0.23120812488872608,-0.07126889120994129,-0.23255262328161636,0.09212557707009483,15,10
training,A-observed,pooled,relaxed_l6,residual,A-observed,initial_pooled,0.23118812475816788,0.23112731502669215,-0.026303137991778858,-0.187919272225181,0.13627401953374174,15,9
training,A-observed,pooled,relaxed_radial,ridge,A-observed,initial_pooled,0.5311370312750363,0.5305260406242819,-0.1150344665834524,-0.3146355754764557,0.05080260256178581,15,10
training,A-observed,pooled,relaxed_radial,residual,A-observed,initial_pooled,0.5302011403779375,0.5295634090499641,-0.12028101778861489,-0.3139359469619446,0.04640613792063485,15,10
training,A-observed,exported,observed_angular,neighbors,A-observed,initial_exported,1.8646958827972413,1.8636890411376954,-0.05399495268019194,-0.5465982390199609,0.49756819527600055,15,10
descriptor_control,A-observed,exported,observed_angular,neighbors,A-observed,descriptor,1.774357557296753,1.8636890411376954,5.034581867312005,2.454114652976273,8.034692564491735,15,4
training,A-observed,exported,relaxed_angular,neighbors,A-observed,initial_exported,1.6384245077768962,1.622805937131246,-0.9532676404384599,-1.5112913391091984,-0.37531977538856476,15,13
descriptor_control,A-observed,exported,relaxed_angular,neighbors,A-observed,descriptor,1.536327107747396,1.622805937131246,5.628933379340539,2.9937183376257543,8.5215367160763,15,3
training,A-observed,exported,observed_l6,neighbors,A-observed,initial_exported,0.6053676863511404,0.6023518602053325,-0.49818089300169843,-0.8152835624304144,-0.14314878594972,15,11
descriptor_control,A-observed,exported,observed_l6,neighbors,A-observed,descriptor,0.639877446492513,0.6023518602053325,-5.864495848834328,-7.653905573337198,-4.233637364868312,15,14
training,A-observed,exported,relaxed_l6,neighbors,A-observed,initial_exported,0.4780603984991709,0.4766684512297312,-0.2911655669052715,-0.8649905575714414,0.3314381505978059,15,8
descriptor_control,A-observed,exported,relaxed_l6,neighbors,A-observed,descriptor,0.4956440051396688,0.4766684512297312,-3.828464323822578,-5.877101877978588,-1.4299029167087478,15,12
training,A-observed,exported,future_order_9,neighbors,A-observed,initial_exported,1.0590839584668477,1.0552554647127788,-0.36149105304277285,-0.5929834592895802,-0.14168567680589,15,11
descriptor_control,A-observed,exported,future_order_9,neighbors,A-observed,descriptor,1.0493484258651733,1.0552554647127788,0.5629244493062568,-2.5365495533020117,3.2572958311271742,15,5
training,A-observed,pooled,observed_angular,neighbors,A-observed,initial_pooled,1.8975529511769613,1.893004266421,-0.23971319235860378,-0.48886737899182353,0.017443174977356136,15,10
training,A-observed,pooled,relaxed_angular,neighbors,A-observed,initial_pooled,1.7128634691238402,1.7131682952245078,0.01779628710416592,-0.306664583609097,0.37395619526543017,15,8
training,A-observed,pooled,observed_l6,neighbors,A-observed,initial_pooled,0.6193445444107055,0.6182534615198771,-0.17616735315986176,-0.4041434068151545,0.06516050157487172,15,11
training,A-observed,pooled,relaxed_l6,neighbors,A-observed,initial_pooled,0.5000945448875427,0.501006414492925,0.18233944255228174,-0.0419097809022248,0.41561161046529715,15,6
training,A-observed,pooled,future_order_9,neighbors,A-observed,initial_pooled,1.0841515819231669,1.0824465473492941,-0.1572690205227767,-0.35910082782626,0.039467832283105984,15,8
training,B-relaxed,exported,current_order,ridge,B-relaxed,initial_exported,0.5147641453301045,0.513161949068497,-0.3112486128147185,-0.5639638463582749,-0.038095726049901274,15,9
descriptor_control,B-relaxed,exported,current_order,ridge,B-relaxed,descriptor,0.48396684014373204,0.513161949068497,6.032460595047051,2.303029707611889,9.900042277685525,15,3
training,B-relaxed,exported,current_order,residual,B-relaxed,initial_exported,0.5165890087608411,0.513161949068497,-0.6634015889274814,-0.9991433770675229,-0.35428157279724015,15,12
descriptor_control,B-relaxed,exported,current_order,residual,B-relaxed,descriptor,0.48396684014373204,0.513161949068497,6.032460595047051,2.303029707611889,9.900042277685525,15,3
training,B-relaxed,exported,future_order_12,ridge,B-relaxed,initial_exported,0.5590740405539517,0.5583938493937154,-0.12166387828745906,-0.5387195705711036,0.318145043645286,15,7
descriptor_control,B-relaxed,exported,future_order_12,ridge,B-relaxed,descriptor,0.5591164721557639,0.5583938493937154,-0.12924369036424466,-2.3067576131466523,2.2150849763489093,15,6
persistence,B-relaxed,exported,future_order_12,ridge,B-relaxed,persistence,0.8955950880579524,0.5583938493937154,-37.65108174001255,-41.01074917803993,-33.71449097366696,15,15
training,B-relaxed,exported,future_order_12,residual,B-relaxed,initial_exported,0.5590740405539517,0.5583938493937154,-0.12166387828745906,-0.5387195705711036,0.318145043645286,15,7
descriptor_control,B-relaxed,exported,future_order_12,residual,B-relaxed,descriptor,0.5591164721557639,0.5583938493937154,-0.12924369036424466,-2.3067576131466523,2.2150849763489093,15,6
persistence,B-relaxed,exported,future_order_12,residual,B-relaxed,persistence,0.8955950880579524,0.5583938493937154,-37.65108174001255,-41.01074917803993,-33.71449097366696,15,15
training,B-relaxed,exported,future_order_3,ridge,B-relaxed,initial_exported,0.5402180581932313,0.5382759751821958,-0.35949983188841017,-0.7484472408450096,0.07083439065641568,15,9
descriptor_control,B-relaxed,exported,future_order_3,ridge,B-relaxed,descriptor,0.5348496704330652,0.5382759751821958,0.6406107993590648,-1.4934243740786277,3.2293475713753326,15,9
persistence,B-relaxed,exported,future_order_3,ridge,B-relaxed,persistence,0.8318929066854726,0.5382759751821958,-35.29503967922272,-38.04382482893342,-31.808991702599265,15,15
training,B-relaxed,exported,future_order_3,residual,B-relaxed,initial_exported,0.535602868308984,0.5348405223474072,-0.1423341820374624,-0.6221578453105081,0.2578872688924498,15,12
descriptor_control,B-relaxed,exported,future_order_3,residual,B-relaxed,descriptor,0.5275333238260005,0.5348405223474072,1.3851633994247603,-3.166375498566441,7.293771267114403,15,7
persistence,B-relaxed,exported,future_order_3,residual,B-relaxed,persistence,0.8318929066854726,0.5348405223474072,-35.70800783980922,-38.559010685632565,-32.06371397986361,15,15
training,B-relaxed,exported,future_order_9,ridge,B-relaxed,initial_exported,0.5334387395646562,0.5339371599425594,0.09343535460324404,-0.12025413929053375,0.3249244225932595,15,9
descriptor_control,B-relaxed,exported,future_order_9,ridge,B-relaxed,descriptor,0.5371651229503941,0.5339371599425594,-0.6009256502181315,-2.2810365411292053,1.5268336255789237,15,9
persistence,B-relaxed,exported,future_order_9,ridge,B-relaxed,persistence,0.8820290234427766,0.5339371599425594,-39.46489902809874,-41.33625034163997,-36.81391299122875,15,15
training,B-relaxed,exported,future_order_9,residual,B-relaxed,initial_exported,0.5309539949781743,0.530664134693468,-0.054592354035920554,-0.39269306469318005,0.27529472630520824,15,6
descriptor_control,B-relaxed,exported,future_order_9,residual,B-relaxed,descriptor,0.5371651229503941,0.530664134693468,-1.210240199739565,-2.8466009088663555,0.8907216020190195,15,9
persistence,B-relaxed,exported,future_order_9,residual,B-relaxed,persistence,0.8820290234427766,0.530664134693468,-39.83597811530565,-41.68453018701318,-37.275041334231496,15,15
training,B-relaxed,exported,hazard,linear,B-relaxed,initial_exported,0.19307252864042918,0.18679988781611126,-3.2488520601498094,-9.285688156637516,2.4463785065240864,15,7
descriptor_control,B-relaxed,exported,hazard,linear,B-relaxed,descriptor,0.21559785728653272,0.18679988781611126,-13.35726144631787,-22.04577722705485,-1.2961808761014617,15,10
training,B-relaxed,exported,hazard,mlp,B-relaxed,initial_exported,0.1955980010330677,0.21383860263352591,9.325556245012168,-12.607247760850036,31.162610916359878,15,9
descriptor_control,B-relaxed,exported,hazard,mlp,B-relaxed,descriptor,0.22494068580369156,0.21383860263352591,-4.935560292482865,-22.209506194451382,14.867368151487417,15,11
training,B-relaxed,exported,observed_angular,ridge,B-relaxed,initial_exported,0.9524111410528793,0.9496121215844734,-0.2938877284983876,-0.5291322754586059,-0.058711848400971725,15,10
descriptor_control,B-relaxed,exported,observed_angular,ridge,B-relaxed,descriptor,0.9258579065954596,0.9496121215844734,2.565643693249009,0.8686580040204983,4.531795392346966,15,5
training,B-relaxed,exported,observed_angular,residual,B-relaxed,initial_exported,0.9496440467911768,0.9471380403406283,-0.2638890286330131,-0.9167153809056244,0.35320795070501454,15,8
descriptor_control,B-relaxed,exported,observed_angular,residual,B-relaxed,descriptor,0.9258579065954596,0.9471380403406283,2.298423288668494,0.7010248436440025,4.135027551057279,15,4
training,B-relaxed,exported,observed_l6,ridge,B-relaxed,initial_exported,0.3450018416590627,0.34309361773780744,-0.5531054304171001,-0.8559252486673258,-0.296700858889987,15,12
descriptor_control,B-relaxed,exported,observed_l6,ridge,B-relaxed,descriptor,0.3463425333248849,0.34309361773780744,-0.9380642787034876,-2.4920357189996474,0.7290051151287039,15,6
training,B-relaxed,exported,observed_l6,residual,B-relaxed,initial_exported,0.34911346362294665,0.34443554969295004,-1.3399408551739267,-2.002893857920277,-0.7091637425583418,15,12
descriptor_control,B-relaxed,exported,observed_l6,residual,B-relaxed,descriptor,0.3463425333248849,0.34443554969295004,-0.550606249145269,-2.1817009179757627,1.0871224410743423,15,6
training,B-relaxed,exported,observed_radial,ridge,B-relaxed,initial_exported,0.6473070490481452,0.6414635723645414,-0.9027364513018221,-1.4520779718368864,-0.4086166180911877,15,11
descriptor_control,B-relaxed,exported,observed_radial,ridge,B-relaxed,descriptor,0.6275038907211129,0.6414635723645414,2.22463666757291,1.3307067893653446,3.0131066565074036,15,3
training,B-relaxed,exported,observed_radial,residual,B-relaxed,initial_exported,0.6482251961638903,0.64255200118094,-0.8751889029496973,-1.5563881240528836,-0.24780686793791667,15,11
descriptor_control,B-relaxed,exported,observed_radial,residual,B-relaxed,descriptor,0.6275038907211129,0.64255200118094,2.3980903835566947,1.4618666199389252,3.192750399229763,15,2
training,B-relaxed,exported,relaxed_angular,ridge,B-relaxed,initial_exported,0.7735241918073984,0.7696369784618481,-0.5025328731435685,-0.8636231163179028,-0.11796680934261093,15,9
descriptor_control,B-relaxed,exported,relaxed_angular,ridge,B-relaxed,descriptor,0.5830301947622752,0.7696369784618481,32.00636697309647,25.615332692297308,40.61776249413442,15,0
training,B-relaxed,exported,relaxed_angular,residual,B-relaxed,initial_exported,0.7735241918073984,0.7756004504826765,0.2684154803777705,-1.1042218038981926,1.651718081115645,15,7
descriptor_control,B-relaxed,exported,relaxed_angular,residual,B-relaxed,descriptor,0.5830301947622752,0.7756004504826765,33.029207998210076,27.535454096464207,40.45183833275966,15,0
training,B-relaxed,exported,relaxed_l6,ridge,B-relaxed,initial_exported,0.16537422804136676,0.16752105496896183,1.2981629320489185,-0.6532836806993133,3.36213616617251,15,3
descriptor_control,B-relaxed,exported,relaxed_l6,ridge,B-relaxed,descriptor,0.1806166175919646,0.16752105496896183,-7.250474954960828,-11.15375669340212,-3.05225037890028,15,11
training,B-relaxed,exported,relaxed_l6,residual,B-relaxed,initial_exported,0.16540208971247078,0.1687095456446736,1.99964579525711,-0.2729742631674062,4.349712708421566,15,4
descriptor_control,B-relaxed,exported,relaxed_l6,residual,B-relaxed,descriptor,0.17572592441078375,0.1687095456446736,-3.9927966175943297,-8.839572146828989,1.6594035246980376,15,9
training,B-relaxed,exported,relaxed_radial,ridge,B-relaxed,initial_exported,0.04920144706771047,0.046986002989202344,-4.502802682732598,-6.50614610696625,-2.589618994376503,15,13
descriptor_control,B-relaxed,exported,relaxed_radial,ridge,B-relaxed,descriptor,2.1273233753883814e-13,0.046986002989202344,22086911436495.39,20065635638067.742,24008525306520.52,15,0
training,B-relaxed,exported,relaxed_radial,residual,B-relaxed,initial_exported,0.04920144706771047,0.046986002989202344,-4.502802682732598,-6.50614610696625,-2.589618994376503,15,13
descriptor_control,B-relaxed,exported,relaxed_radial,residual,B-relaxed,descriptor,2.1273233753883814e-13,0.046986002989202344,22086911436495.39,20065635638067.742,24008525306520.52,15,0
training,B-relaxed,pooled,current_order,ridge,B-relaxed,initial_pooled,0.5173756408265134,0.5178460134147836,0.09091510136016723,-0.03221954488121792,0.22186486997189658,15,6
training,B-relaxed,pooled,current_order,residual,B-relaxed,initial_pooled,0.5282379054628152,0.5293377655735274,0.20821302283267062,0.046601045618294146,0.3506721884611239,15,6
training,B-relaxed,pooled,future_order_12,ridge,B-relaxed,initial_pooled,0.564737961993089,0.5648782752593734,0.024845729475875267,-0.009016597333550425,0.05963329727716515,15,7
persistence,B-relaxed,pooled,future_order_12,ridge,B-relaxed,persistence,0.8955950880579524,0.5648782752593734,-36.92704629675,-40.430738759886886,-32.911876015845635,15,15
training,B-relaxed,pooled,future_order_12,residual,B-relaxed,initial_pooled,0.5580307459437802,0.5582993064688264,0.048126474571219546,-0.002785207039683601,0.09468722292654773,15,7
persistence,B-relaxed,pooled,future_order_12,residual,B-relaxed,persistence,0.8955950880579524,0.5582993064688264,-37.661638176302745,-40.988631031107374,-33.74990741781808,15,15
training,B-relaxed,pooled,future_order_3,ridge,B-relaxed,initial_pooled,0.5468926859628894,0.5470231991013098,0.023864487818237023,-0.018818781498892156,0.0690742582085901,15,7
persistence,B-relaxed,pooled,future_order_3,ridge,B-relaxed,persistence,0.8318929066854726,0.5470231991013098,-34.243555305595144,-37.2915295386471,-30.437849136433332,15,15
training,B-relaxed,pooled,future_order_3,residual,B-relaxed,initial_pooled,0.5405618545970415,0.5404077850200436,-0.02850174789206239,-0.11419844497712495,0.05546887357848861,15,8
persistence,B-relaxed,pooled,future_order_3,residual,B-relaxed,persistence,0.8318929066854726,0.5404077850200436,-35.03877954997824,-38.04075525206309,-31.184037839313106,15,15
training,B-relaxed,pooled,future_order_9,ridge,B-relaxed,initial_pooled,0.540611154394956,0.5407247952216933,0.02102080688002328,-0.09493719317878124,0.13938399588846517,15,8
persistence,B-relaxed,pooled,future_order_9,ridge,B-relaxed,persistence,0.8820290234427766,0.5407247952216933,-38.69535119024642,-40.712699335519694,-35.91385367804573,15,15
training,B-relaxed,pooled,future_order_9,residual,B-relaxed,initial_pooled,0.5345923201548132,0.5345969774598657,0.0008711881702927471,-0.1305076265983307,0.16368663151714638,15,8
persistence,B-relaxed,pooled,future_order_9,residual,B-relaxed,persistence,0.8820290234427766,0.5345969774598657,-39.390092247395444,-41.15661180492436,-36.94334765326451,15,15
training,B-relaxed,pooled,observed_angular,ridge,B-relaxed,initial_pooled,0.9558386851733718,0.9540845321903872,-0.18351977276023224,-0.24659631314381286,-0.11617050393624095,15,13
training,B-relaxed,pooled,observed_angular,residual,B-relaxed,initial_pooled,0.9512310047459238,0.9495640053709217,-0.17524653493053988,-0.28705182900915893,-0.05104608044461298,15,11
training,B-relaxed,pooled,observed_l6,ridge,B-relaxed,initial_pooled,0.33878351896667647,0.33925751364277806,0.1399107836022706,0.026993518115697168,0.24682986768805645,15,5
training,B-relaxed,pooled,observed_l6,residual,B-relaxed,initial_pooled,0.34207299838578636,0.342497991189799,0.12424038319835962,-0.030904071583325865,0.27263917172910546,15,5
training,B-relaxed,pooled,observed_radial,ridge,B-relaxed,initial_pooled,0.6316706277463173,0.6315939211381406,-0.012143450210810869,-0.15090411043802765,0.12375781341369232,15,7
training,B-relaxed,pooled,observed_radial,residual,B-relaxed,initial_pooled,0.6314162848571553,0.6313710083503963,-0.007170627024488674,-0.13954291684978387,0.11976730715435424,15,7
training,B-relaxed,pooled,relaxed_angular,ridge,B-relaxed,initial_pooled,0.7335906492752714,0.7331913377456958,-0.05443247265625173,-0.24024991316941885,0.13210514984140498,15,8
training,B-relaxed,pooled,relaxed_angular,residual,B-relaxed,initial_pooled,0.7460555345011826,0.7507029040479222,0.6229254166510323,-0.31559291036890535,1.5691370310541684,15,6
training,B-relaxed,pooled,relaxed_l6,ridge,B-relaxed,initial_pooled,0.16864363200108531,0.17229598562230108,2.1657228191054756,1.361395844574877,3.0148999501520968,15,2
training,B-relaxed,pooled,relaxed_l6,residual,B-relaxed,initial_pooled,0.16779842485077387,0.16983499659635987,1.213701348744567,-0.9788704891404326,3.470849876567487,15,7
training,B-relaxed,pooled,relaxed_radial,ridge,B-relaxed,initial_pooled,0.05024715677791259,0.049464658271841905,-1.5572990717250934,-1.9082972709521877,-1.2318167089715382,15,14
training,B-relaxed,pooled,relaxed_radial,residual,B-relaxed,initial_pooled,0.048995735064178515,0.04836918281196309,-1.278789370941602,-1.9751225111735409,-0.6204659901600734,15,11
training,B-relaxed,exported,observed_angular,neighbors,B-relaxed,initial_exported,1.8811216274897258,1.882143791516622,0.05433800834346858,-0.2109769019164029,0.33620705300208376,15,6
descriptor_control,B-relaxed,exported,observed_angular,neighbors,B-relaxed,descriptor,1.8148371537526449,1.882143791516622,3.7086874502653355,1.9659188364212417,5.371869707171519,15,3
training,B-relaxed,exported,relaxed_angular,neighbors,B-relaxed,initial_exported,1.5041561086972555,1.5039984067281087,-0.010484415030787009,-0.3335941908027215,0.32557329135129764,15,8
descriptor_control,B-relaxed,exported,relaxed_angular,neighbors,B-relaxed,descriptor,1.38495618502299,1.5039984067281087,8.595378178201551,5.093044353279248,12.845370615288115,15,2
training,B-relaxed,exported,observed_l6,neighbors,B-relaxed,initial_exported,0.6723084370295207,0.6724752147992452,0.024806734608495695,-0.3947988379803935,0.4138929467453877,15,6
descriptor_control,B-relaxed,exported,observed_l6,neighbors,B-relaxed,descriptor,0.6819305777549743,0.6724752147992452,-1.3865579963957209,-3.47860978759201,0.8894001401601512,15,7
training,B-relaxed,exported,relaxed_l6,neighbors,B-relaxed,initial_exported,0.3992254356543223,0.3988654355208079,-0.09017464854772506,-0.5004141372938611,0.30803259962932567,15,10
descriptor_control,B-relaxed,exported,relaxed_l6,neighbors,B-relaxed,descriptor,0.42087801893552146,0.3988654355208079,-5.2301575336216155,-8.198868831205138,-2.1750364784510534,15,10
training,B-relaxed,exported,future_order_9,neighbors,B-relaxed,initial_exported,1.0479979634284973,1.0447141448656718,-0.3133420748340554,-0.5909689358802502,-0.07706104906824335,15,10
descriptor_control,B-relaxed,exported,future_order_9,neighbors,B-relaxed,descriptor,1.0045465588569642,1.0447141448656718,3.998578826890098,1.310936951591658,6.7379382367875715,15,3
training,B-relaxed,pooled,observed_angular,neighbors,B-relaxed,initial_pooled,1.9013979355494182,1.902298959096273,0.04738742637766524,-0.20833384944451305,0.2850397192415849,15,4
training,B-relaxed,pooled,relaxed_angular,neighbors,B-relaxed,initial_pooled,1.5147542158762615,1.5149752855300904,0.014594424066416423,-0.2720216508268569,0.3344900036209774,15,9
training,B-relaxed,pooled,observed_l6,neighbors,B-relaxed,initial_pooled,0.6918184717496236,0.692493486404419,0.09757106558432316,-0.08589102096950157,0.2761469491928306,15,6
training,B-relaxed,pooled,relaxed_l6,neighbors,B-relaxed,initial_pooled,0.41953324278195697,0.41966166098912555,0.030609781078849707,-0.22293488655545923,0.30231962311875904,15,8
training,B-relaxed,pooled,future_order_9,neighbors,B-relaxed,initial_pooled,1.043613608678182,1.0402634064356486,-0.32101940935559403,-0.6600335609706406,-0.0212417837270662,15,8
training,C-relaxed-teacher,exported,current_order,ridge,C-relaxed-teacher,initial_exported,0.4253260295284932,0.4190402675281375,-1.477869108392904,-2.3988556090858832,-0.4436586895984287,15,11
relaxed_teacher,C-relaxed-teacher,exported,current_order,ridge,A-observed,exported,0.41927939792347896,0.4190402675281375,-0.05703366216556205,-0.1870861819503375,0.07047329235988439,15,8
training,C-relaxed-teacher,exported,current_order,residual,C-relaxed-teacher,initial_exported,0.4252257680518429,0.4190402675281375,-1.4546391560521066,-2.3242109375124325,-0.462038371214485,15,11
relaxed_teacher,C-relaxed-teacher,exported,current_order,residual,A-observed,exported,0.41927939792347896,0.4190402675281375,-0.05703366216556205,-0.1870861819503375,0.07047329235988439,15,8
training,C-relaxed-teacher,exported,future_order_12,ridge,C-relaxed-teacher,initial_exported,0.5750711593587317,0.5745719583396128,-0.0868068257284027,-0.46811122050716525,0.3323228324342792,15,7
relaxed_teacher,C-relaxed-teacher,exported,future_order_12,ridge,A-observed,exported,0.574724514010471,0.5745719583396128,-0.02654413847663628,-0.08058679659666584,0.022153718098209537,15,9
persistence,C-relaxed-teacher,exported,future_order_12,ridge,C-relaxed-teacher,persistence,0.8955950880579524,0.5745719583396128,-35.84467288833173,-39.23997490491033,-32.05634525248459,15,15
training,C-relaxed-teacher,exported,future_order_12,residual,C-relaxed-teacher,initial_exported,0.5750711593587317,0.5745719583396128,-0.0868068257284027,-0.46811122050716525,0.3323228324342792,15,7
relaxed_teacher,C-relaxed-teacher,exported,future_order_12,residual,A-observed,exported,0.574724514010471,0.5745719583396128,-0.02654413847663628,-0.08058679659666584,0.022153718098209537,15,9
persistence,C-relaxed-teacher,exported,future_order_12,residual,C-relaxed-teacher,persistence,0.8955950880579524,0.5745719583396128,-35.84467288833173,-39.23997490491033,-32.05634525248459,15,15
training,C-relaxed-teacher,exported,future_order_3,ridge,C-relaxed-teacher,initial_exported,0.5643621830687997,0.5634053410227726,-0.16954396923339887,-0.34781535373645645,0.011978184467976665,15,10
relaxed_teacher,C-relaxed-teacher,exported,future_order_3,ridge,A-observed,exported,0.563453991792868,0.5634053410227726,-0.008634382008831931,-0.061851967309744516,0.0350280896369947,15,7
persistence,C-relaxed-teacher,exported,future_order_3,ridge,C-relaxed-teacher,persistence,0.8318929066854726,0.5634053410227726,-32.27429438392981,-35.291825872272106,-28.318113216368726,15,15
training,C-relaxed-teacher,exported,future_order_3,residual,C-relaxed-teacher,initial_exported,0.5643621830687997,0.5653098649058564,0.16792086101580228,-0.5096361206450833,0.902517092390199,15,6
relaxed_teacher,C-relaxed-teacher,exported,future_order_3,residual,A-observed,exported,0.5658132904533418,0.5653098649058564,-0.08897379329532162,-0.17243111091564456,-0.0081622343652286,15,12
persistence,C-relaxed-teacher,exported,future_order_3,residual,C-relaxed-teacher,persistence,0.8318929066854726,0.5653098649058564,-32.04535579486646,-35.21431378769877,-27.91236373785991,15,15
training,C-relaxed-teacher,exported,future_order_9,ridge,C-relaxed-teacher,initial_exported,0.5566630470038125,0.5543816906206479,-0.40982716482508286,-0.7206092426129825,-0.10744030091520007,15,10
relaxed_teacher,C-relaxed-teacher,exported,future_order_9,ridge,A-observed,exported,0.5542073513910244,0.5543816906206479,0.03145740113081885,-0.01827435041270642,0.07548140357929607,15,6
persistence,C-relaxed-teacher,exported,future_order_9,ridge,C-relaxed-teacher,persistence,0.8820290234427766,0.5543816906206479,-37.147001301979884,-39.32624830281109,-34.28136377519266,15,15
training,C-relaxed-teacher,exported,future_order_9,residual,C-relaxed-teacher,initial_exported,0.5526957432754835,0.5543816906206479,0.30504076893604903,-0.15153703612714564,0.7065967218217017,15,4
relaxed_teacher,C-relaxed-teacher,exported,future_order_9,residual,A-observed,exported,0.5542073513910244,0.5543816906206479,0.03145740113081885,-0.01827435041270642,0.07548140357929607,15,6
persistence,C-relaxed-teacher,exported,future_order_9,residual,C-relaxed-teacher,persistence,0.8820290234427766,0.5543816906206479,-37.147001301979884,-39.32624830281109,-34.28136377519266,15,15
training,C-relaxed-teacher,exported,hazard,linear,C-relaxed-teacher,initial_exported,0.18803985056777794,0.19800493940711023,5.299455838346567,1.351096552763283,12.182480285173297,15,3
relaxed_teacher,C-relaxed-teacher,exported,hazard,linear,A-observed,exported,0.20576552028457323,0.19800493940711023,-3.7715652587129944,-7.651827826154955,-0.23017235834847777,15,11
training,C-relaxed-teacher,exported,hazard,mlp,C-relaxed-teacher,initial_exported,0.22532340375085672,0.21649654010931652,-3.917419803981037,-7.67741436037387,-1.029722678961036,15,11
relaxed_teacher,C-relaxed-teacher,exported,hazard,mlp,A-observed,exported,0.21501451594134172,0.21649654010931652,0.6892670299428083,-0.2975014348208796,1.5495523194976144,15,5
training,C-relaxed-teacher,exported,observed_angular,ridge,C-relaxed-teacher,initial_exported,0.9129358566775816,0.9061809318674161,-0.7399123126512364,-1.150170349488167,-0.3843138232825453,15,13
relaxed_teacher,C-relaxed-teacher,exported,observed_angular,ridge,A-observed,exported,0.9061859791825342,0.9061809318674161,-0.0005569844638952937,-0.09639475818638388,0.09426934331289215,15,7
training,C-relaxed-teacher,exported,observed_angular,residual,C-relaxed-teacher,initial_exported,0.9132015968982056,0.9061809318674161,-0.7687968412052659,-1.2653668647223826,-0.3523272058502348,15,13
relaxed_teacher,C-relaxed-teacher,exported,observed_angular,residual,A-observed,exported,0.9061859791825342,0.9061809318674161,-0.0005569844638952937,-0.09639475818638388,0.09426934331289215,15,7
training,C-relaxed-teacher,exported,observed_l6,ridge,C-relaxed-teacher,initial_exported,0.2652951467661369,0.2648858597687986,-0.1542760967652157,-0.8755868020688325,0.5658419783430098,15,8
relaxed_teacher,C-relaxed-teacher,exported,observed_l6,ridge,A-observed,exported,0.2647336977113654,0.2648858597687986,0.05747740417960667,-0.054393991431075095,0.16924308533773247,15,7
training,C-relaxed-teacher,exported,observed_l6,residual,C-relaxed-teacher,initial_exported,0.2652951467661369,0.2648858597687986,-0.1542760967652157,-0.8755868020688325,0.5658419783430098,15,8
relaxed_teacher,C-relaxed-teacher,exported,observed_l6,residual,A-observed,exported,0.2647336977113654,0.2648858597687986,0.05747740417960667,-0.054393991431075095,0.16924308533773247,15,7
training,C-relaxed-teacher,exported,observed_radial,ridge,C-relaxed-teacher,initial_exported,0.07069819034095545,0.07245277146598762,2.4817907170896047,1.461451654949237,3.638860934186837,15,1
relaxed_teacher,C-relaxed-teacher,exported,observed_radial,ridge,A-observed,exported,0.07244860375521547,0.07245277146598762,0.0057526447110323176,-0.3015439929360922,0.32497191618756305,15,8
training,C-relaxed-teacher,exported,observed_radial,residual,C-relaxed-teacher,initial_exported,0.07069819034095545,0.07245277146598762,2.4817907170896047,1.461451654949237,3.638860934186837,15,1
relaxed_teacher,C-relaxed-teacher,exported,observed_radial,residual,A-observed,exported,0.07244860375521547,0.07245277146598762,0.0057526447110323176,-0.3015439929360922,0.32497191618756305,15,8
training,C-relaxed-teacher,exported,relaxed_angular,ridge,C-relaxed-teacher,initial_exported,0.8283777904495897,0.833239517469323,0.5868973161502478,-0.6289257486198276,1.8731731047800486,15,7
relaxed_teacher,C-relaxed-teacher,exported,relaxed_angular,ridge,A-observed,exported,0.8333937517535995,0.833239517469323,-0.018506772333248822,-0.06188136315424392,0.02316058252520178,15,9
training,C-relaxed-teacher,exported,relaxed_angular,residual,C-relaxed-teacher,initial_exported,0.8283777904495897,0.833239517469323,0.5868973161502478,-0.6289257486198276,1.8731731047800486,15,7
relaxed_teacher,C-relaxed-teacher,exported,relaxed_angular,residual,A-observed,exported,0.8333937517535995,0.833239517469323,-0.018506772333248822,-0.06188136315424392,0.02316058252520178,15,9
training,C-relaxed-teacher,exported,relaxed_l6,ridge,C-relaxed-teacher,initial_exported,0.23283592366742037,0.23310132469223935,0.11398628726986271,-0.38208750777454226,0.6544565898505242,15,7
relaxed_teacher,C-relaxed-teacher,exported,relaxed_l6,ridge,A-observed,exported,0.23313931129967955,0.23310132469223935,-0.016293523056420955,-0.24947586042704306,0.24233122967749343,15,8
training,C-relaxed-teacher,exported,relaxed_l6,residual,C-relaxed-teacher,initial_exported,0.23283592366742037,0.23310132469223935,0.11398628726986271,-0.38208750777454226,0.6544565898505242,15,7
relaxed_teacher,C-relaxed-teacher,exported,relaxed_l6,residual,A-observed,exported,0.23313931129967955,0.23310132469223935,-0.016293523056420955,-0.24947586042704306,0.24233122967749343,15,8
training,C-relaxed-teacher,exported,relaxed_radial,ridge,C-relaxed-teacher,initial_exported,0.5552921237311461,0.5535852982032854,-0.3073743449469646,-1.6967191866722333,1.110080175575666,15,6
relaxed_teacher,C-relaxed-teacher,exported,relaxed_radial,ridge,A-observed,exported,0.5525608864860636,0.5535852982032854,0.1853934547804137,-0.061351046760529375,0.40707495669822213,15,7
training,C-relaxed-teacher,exported,relaxed_radial,residual,C-relaxed-teacher,initial_exported,0.5552921237311461,0.5535852982032854,-0.3073743449469646,-1.6967191866722333,1.110080175575666,15,6
relaxed_teacher,C-relaxed-teacher,exported,relaxed_radial,residual,A-observed,exported,0.5525608864860636,0.5535852982032854,0.1853934547804137,-0.061351046760529375,0.40707495669822213,15,7
training,C-relaxed-teacher,pooled,current_order,ridge,C-relaxed-teacher,initial_pooled,0.4223521282566379,0.42311619373364634,0.18090721601482507,0.09146225266259633,0.29734872885618824,15,5
relaxed_teacher,C-relaxed-teacher,pooled,current_order,ridge,A-observed,pooled,0.42332816420193053,0.42311619373364634,-0.05007237557269617,-0.08069423163751893,-0.020463582620976202,15,11
training,C-relaxed-teacher,pooled,current_order,residual,C-relaxed-teacher,initial_pooled,0.4142926809026577,0.4155970647572966,0.3148459808164805,0.1926410516031113,0.4724317384597615,15,4
relaxed_teacher,C-relaxed-teacher,pooled,current_order,residual,A-observed,pooled,0.41588248208673073,0.4155970647572966,-0.06862932239944941,-0.11027575022399816,-0.030915217547774217,15,12
training,C-relaxed-teacher,pooled,future_order_12,ridge,C-relaxed-teacher,initial_pooled,0.5747376427444824,0.5748023121886374,0.011251993839533903,-0.027963155728806255,0.04817945313154603,15,6
relaxed_teacher,C-relaxed-teacher,pooled,future_order_12,ridge,A-observed,pooled,0.5748275175043409,0.5748023121886374,-0.0043848484868824755,-0.011902403410625206,0.003893499280997468,15,8
persistence,C-relaxed-teacher,pooled,future_order_12,ridge,C-relaxed-teacher,persistence,0.8955950880579524,0.5748023121886374,-35.81895212991131,-39.33974966275252,-31.765368721717454,15,15
training,C-relaxed-teacher,pooled,future_order_12,residual,C-relaxed-teacher,initial_pooled,0.5747376427444824,0.5748023121886374,0.011251993839533903,-0.027963155728806255,0.04817945313154603,15,6
relaxed_teacher,C-relaxed-teacher,pooled,future_order_12,residual,A-observed,pooled,0.5748275175043409,0.5748023121886374,-0.0043848484868824755,-0.011902403410625206,0.003893499280997468,15,8
persistence,C-relaxed-teacher,pooled,future_order_12,residual,C-relaxed-teacher,persistence,0.8955950880579524,0.5748023121886374,-35.81895212991131,-39.33974966275252,-31.765368721717454,15,15
training,C-relaxed-teacher,pooled,future_order_3,ridge,C-relaxed-teacher,initial_pooled,0.5694822361829994,0.5694146197131459,-0.01187332379438688,-0.08843736159775073,0.06905219740888642,15,8
relaxed_teacher,C-relaxed-teacher,pooled,future_order_3,ridge,A-observed,pooled,0.5694876874893423,0.5694146197131459,-0.01283044002559075,-0.02875113206898261,0.0032497853816049046,15,10
persistence,C-relaxed-teacher,pooled,future_order_3,ridge,C-relaxed-teacher,persistence,0.8318929066854726,0.5694146197131459,-31.5519323296221,-34.47427846903397,-27.88360536089946,15,15
training,C-relaxed-teacher,pooled,future_order_3,residual,C-relaxed-teacher,initial_pooled,0.5686717410800004,0.5686708292107352,-0.00016035072597508915,-0.062277858088463645,0.06746749889851578,15,8
relaxed_teacher,C-relaxed-teacher,pooled,future_order_3,residual,A-observed,pooled,0.5688141911075012,0.5686708292107352,-0.02520364277249776,-0.04269081243558015,-0.007823792956637994,15,9
persistence,C-relaxed-teacher,pooled,future_order_3,residual,C-relaxed-teacher,persistence,0.8318929066854726,0.5686708292107352,-31.641341735139715,-34.75325572749264,-27.745183115613447,15,15
training,C-relaxed-teacher,pooled,future_order_9,ridge,C-relaxed-teacher,initial_pooled,0.556132809535954,0.5561260488376176,-0.0012156625576631441,-0.0719472754717404,0.06753812473919374,15,10
relaxed_teacher,C-relaxed-teacher,pooled,future_order_9,ridge,A-observed,pooled,0.5562139419693337,0.5561260488376176,-0.01580203678550607,-0.02708424236163215,-0.0059242316486146735,15,9
persistence,C-relaxed-teacher,pooled,future_order_9,ridge,C-relaxed-teacher,persistence,0.8820290234427766,0.5561260488376176,-36.94923476929131,-39.1997018749936,-33.88937477628738,15,15
training,C-relaxed-teacher,pooled,future_order_9,residual,C-relaxed-teacher,initial_pooled,0.5474980146238688,0.548057225915218,0.1021394190321212,0.013666119748179106,0.18864289522046995,15,4
relaxed_teacher,C-relaxed-teacher,pooled,future_order_9,residual,A-observed,pooled,0.5482340020069187,0.548057225915218,-0.032244642078682606,-0.049184544280225784,-0.01758200217835738,15,12
persistence,C-relaxed-teacher,pooled,future_order_9,residual,C-relaxed-teacher,persistence,0.8820290234427766,0.548057225915218,-37.8640371973231,-40.125119401829984,-34.90050026885082,15,15
training,C-relaxed-teacher,pooled,observed_angular,ridge,C-relaxed-teacher,initial_pooled,0.9070932421857238,0.907161489536246,0.007523741479720236,-0.18851315481685005,0.19407454303062815,15,8
relaxed_teacher,C-relaxed-teacher,pooled,observed_angular,ridge,A-observed,pooled,0.9076465052958993,0.907161489536246,-0.053436636049752906,-0.08872203368487402,-0.016952531383171182,15,12
training,C-relaxed-teacher,pooled,observed_angular,residual,C-relaxed-teacher,initial_pooled,0.9172861981399211,0.918665965903145,0.150418458930468,-0.06075085835227062,0.35345106299178125,15,5
relaxed_teacher,C-relaxed-teacher,pooled,observed_angular,residual,A-observed,pooled,0.9189685230957342,0.918665965903145,-0.03292356429902554,-0.07085788485836547,0.0034394899210393633,15,9
training,C-relaxed-teacher,pooled,observed_l6,ridge,C-relaxed-teacher,initial_pooled,0.26674082630038376,0.2666828981061594,-0.021717033356982718,-0.2151868390001488,0.20195103743726286,15,7
relaxed_teacher,C-relaxed-teacher,pooled,observed_l6,ridge,A-observed,pooled,0.2667022206599197,0.2666828981061594,-0.0072449917036698785,-0.0573439780739729,0.0454253814541865,15,8
training,C-relaxed-teacher,pooled,observed_l6,residual,C-relaxed-teacher,initial_pooled,0.2670212456671814,0.266835503164597,-0.06956094527995615,-0.24770830085716206,0.12652779014883203,15,7
relaxed_teacher,C-relaxed-teacher,pooled,observed_l6,residual,A-observed,pooled,0.26684139930996026,0.266835503164597,-0.0022096066721766228,-0.05453797250658782,0.05215032733202171,15,8
training,C-relaxed-teacher,pooled,observed_radial,ridge,C-relaxed-teacher,initial_pooled,0.07854174084887451,0.080664927655369,2.7032591632770275,2.1322678825937107,3.2867845236197857,15,1
relaxed_teacher,C-relaxed-teacher,pooled,observed_radial,ridge,A-observed,pooled,0.08070424780073687,0.080664927655369,-0.04872128350040805,-0.17960170029403005,0.07279229269289862,15,8
training,C-relaxed-teacher,pooled,observed_radial,residual,C-relaxed-teacher,initial_pooled,0.07650026778473709,0.0784609426979391,2.5629647712072323,2.033260802862006,3.113977195660278,15,1
relaxed_teacher,C-relaxed-teacher,pooled,observed_radial,residual,A-observed,pooled,0.07850641021080294,0.0784609426979391,-0.05791566923230018,-0.1757151580964364,0.05356427475408917,15,8
training,C-relaxed-teacher,pooled,relaxed_angular,ridge,C-relaxed-teacher,initial_pooled,0.824721348979015,0.8242430197711271,-0.05799888756122806,-0.15630829431108162,0.036910955419139906,15,9
relaxed_teacher,C-relaxed-teacher,pooled,relaxed_angular,ridge,A-observed,pooled,0.8241745326815058,0.8242430197711271,0.008309779895587788,-0.010977015649893396,0.02931467079822169,15,9
training,C-relaxed-teacher,pooled,relaxed_angular,residual,C-relaxed-teacher,initial_pooled,0.825999457238871,0.8257530534987313,-0.029830980877809665,-0.11903253075522868,0.06224228978642434,15,8
relaxed_teacher,C-relaxed-teacher,pooled,relaxed_angular,residual,A-observed,pooled,0.8256799198044681,0.8257530534987313,0.00885739043774425,-0.015238205624559797,0.032641693814495214,15,7
training,C-relaxed-teacher,pooled,relaxed_l6,ridge,C-relaxed-teacher,initial_pooled,0.23137198304756806,0.23118426112582985,-0.08113424938732683,-0.23194750509861695,0.06434810539694573,15,9
relaxed_teacher,C-relaxed-teacher,pooled,relaxed_l6,ridge,A-observed,pooled,0.23120812488872608,0.23118426112582985,-0.010321334039498087,-0.04807104866708656,0.026133359524915238,15,7
training,C-relaxed-teacher,pooled,relaxed_l6,residual,C-relaxed-teacher,initial_pooled,0.23118741607348808,0.23110281716046355,-0.036593217079616824,-0.18546673007243553,0.10668737669812517,15,8
relaxed_teacher,C-relaxed-teacher,pooled,relaxed_l6,residual,A-observed,pooled,0.23112731502669215,0.23110281716046355,-0.010599295122593055,-0.04986907961296305,0.02715442743056628,15,7
training,C-relaxed-teacher,pooled,relaxed_radial,ridge,C-relaxed-teacher,initial_pooled,0.5311363547582146,0.5305734187511849,-0.10598709766082015,-0.3203442196357176,0.07302891226079629,15,10
relaxed_teacher,C-relaxed-teacher,pooled,relaxed_radial,ridge,A-observed,pooled,0.5305260406242819,0.5305734187511849,0.008930405536222707,-0.02875324789407524,0.046303347447483295,15,7
training,C-relaxed-teacher,pooled,relaxed_radial,residual,C-relaxed-teacher,initial_pooled,0.5301986139156215,0.5295831817057101,-0.11607578627306214,-0.32755613074888945,0.06684584935435828,15,10
relaxed_teacher,C-relaxed-teacher,pooled,relaxed_radial,residual,A-observed,pooled,0.5295634090499641,0.5295831817057101,0.003733765476998663,-0.043443120245141575,0.04804277748347462,15,5
training,C-relaxed-teacher,exported,observed_angular,neighbors,C-relaxed-teacher,initial_exported,1.8646958827972413,1.8645566622416179,-0.0074661266165620965,-0.47019327948563977,0.4862638822716901,15,8
relaxed_teacher,C-relaxed-teacher,exported,observed_angular,neighbors,A-observed,exported,1.8636890411376954,1.8645566622416179,0.04655396285384583,-0.20177752307910274,0.2836134285347841,15,5
training,C-relaxed-teacher,exported,relaxed_angular,neighbors,C-relaxed-teacher,initial_exported,1.6384245077768962,1.6245947281519573,-0.8440901341071783,-1.282843546848662,-0.35649347352124316,15,13
relaxed_teacher,C-relaxed-teacher,exported,relaxed_angular,neighbors,A-observed,exported,1.622805937131246,1.6245947281519573,0.11022827682485303,-0.08030662083418155,0.2868182251273721,15,3
training,C-relaxed-teacher,exported,observed_l6,neighbors,C-relaxed-teacher,initial_exported,0.6053676863511404,0.6027179042498271,-0.43771449336598156,-0.7533367446839009,-0.1002318331932288,15,12
relaxed_teacher,C-relaxed-teacher,exported,observed_l6,neighbors,A-observed,exported,0.6023518602053325,0.6027179042498271,0.06076913987944632,-0.02410113566337274,0.1470534806024548,15,4
training,C-relaxed-teacher,exported,relaxed_l6,neighbors,C-relaxed-teacher,initial_exported,0.4780603984991709,0.4774657150109609,-0.12439505344449264,-0.5577860118139988,0.31664135665319626,15,7
relaxed_teacher,C-relaxed-teacher,exported,relaxed_l6,neighbors,A-observed,exported,0.4766684512297312,0.4774657150109609,0.16725750973718423,-0.09334758333800458,0.41880569570790876,15,4
training,C-relaxed-teacher,exported,future_order_9,neighbors,C-relaxed-teacher,initial_exported,1.0590839584668477,1.0545170307159424,-0.4312148923033887,-0.6873814862710942,-0.17348405418079849,15,11
relaxed_teacher,C-relaxed-teacher,exported,future_order_9,neighbors,A-observed,exported,1.0552554647127788,1.0545170307159424,-0.06997679912866817,-0.257526055598927,0.11287983078763701,15,5
training,C-relaxed-teacher,pooled,observed_angular,neighbors,C-relaxed-teacher,initial_pooled,1.8975529511769613,1.89716477394104,-0.02045672747527094,-0.22290578873556843,0.20316711882057834,15,10
relaxed_teacher,C-relaxed-teacher,pooled,observed_angular,neighbors,A-observed,pooled,1.893004266421,1.89716477394104,0.21978331448275767,0.05140627234746009,0.3956141826917613,15,2
training,C-relaxed-teacher,pooled,relaxed_angular,neighbors,C-relaxed-teacher,initial_pooled,1.7128634691238402,1.7131130933761596,0.014573505525627972,-0.3078270344996917,0.37871391607778515,15,8
relaxed_teacher,C-relaxed-teacher,pooled,relaxed_angular,neighbors,A-observed,pooled,1.7131682952245078,1.7131130933761596,-0.0032222081451149798,-0.06636859407527063,0.05864877198036845,15,6
training,C-relaxed-teacher,pooled,observed_l6,neighbors,C-relaxed-teacher,initial_pooled,0.6193445444107055,0.6189274231592814,-0.0673488214578577,-0.24248423907424682,0.1093905478228757,15,9
relaxed_teacher,C-relaxed-teacher,pooled,observed_l6,neighbors,A-observed,pooled,0.6182534615198771,0.6189274231592814,0.10901057274268489,-0.04349502687826162,0.24043312243918807,15,3
training,C-relaxed-teacher,pooled,relaxed_l6,neighbors,C-relaxed-teacher,initial_pooled,0.5000945448875427,0.5009662508964539,0.1743082418759867,-0.02376369447104231,0.3959786351097621,15,4
relaxed_teacher,C-relaxed-teacher,pooled,relaxed_l6,neighbors,A-observed,pooled,0.501006414492925,0.5009662508964539,-0.008016583283032563,-0.07464827455613748,0.05808829033287609,15,6
training,C-relaxed-teacher,pooled,future_order_9,neighbors,C-relaxed-teacher,initial_pooled,1.0841515819231669,1.0832744320233663,-0.08090657380627198,-0.29301923125588797,0.11843755301561504,15,8
relaxed_teacher,C-relaxed-teacher,pooled,future_order_9,neighbors,A-observed,pooled,1.0824465473492941,1.0832744320233663,0.07648273035740782,-0.1267440774679976,0.2577230758105186,15,6
training,D-physical-distance,exported,current_order,ridge,D-physical-distance,initial_exported,0.5147642789699856,0.5131398856041121,-0.31556062303387256,-0.5555990400384533,-0.05328167243872751,15,10
physical_distance,D-physical-distance,exported,current_order,ridge,B-relaxed,exported,0.513161949068497,0.5131398856041121,-0.004299512936412064,-0.03399179491490073,0.023733771232500308,15,9
training,D-physical-distance,exported,current_order,residual,D-physical-distance,initial_exported,0.5165891539894075,0.5131398856041121,-0.6677005040965689,-0.9906988071831846,-0.37586288538357104,15,12
physical_distance,D-physical-distance,exported,current_order,residual,B-relaxed,exported,0.513161949068497,0.5131398856041121,-0.004299512936412064,-0.03399179491490073,0.023733771232500308,15,9
training,D-physical-distance,exported,future_order_12,ridge,D-physical-distance,initial_exported,0.5590740617696054,0.5582923971181405,-0.13981415073894832,-0.5565485154982771,0.30275433300854543,15,8
physical_distance,D-physical-distance,exported,future_order_12,ridge,B-relaxed,exported,0.5583938493937154,0.5582923971181405,-0.01816858758115769,-0.0345279821452818,-0.0015749713866658565,15,9
persistence,D-physical-distance,exported,future_order_12,ridge,D-physical-distance,persistence,0.8955950880579524,0.5582923971181405,-37.66240965783252,-41.02884894849294,-33.72084405621162,15,15
training,D-physical-distance,exported,future_order_12,residual,D-physical-distance,initial_exported,0.5590740617696054,0.5582923971181405,-0.13981415073894832,-0.5565485154982771,0.30275433300854543,15,8
physical_distance,D-physical-distance,exported,future_order_12,residual,B-relaxed,exported,0.5583938493937154,0.5582923971181405,-0.01816858758115769,-0.0345279821452818,-0.0015749713866658565,15,9
persistence,D-physical-distance,exported,future_order_12,residual,D-physical-distance,persistence,0.8955950880579524,0.5582923971181405,-37.66240965783252,-41.02884894849294,-33.72084405621162,15,15
training,D-physical-distance,exported,future_order_3,ridge,D-physical-distance,initial_exported,0.5402180861040953,0.5382158565405936,-0.37063356725822727,-0.7781084902553544,0.08001553523964754,15,9
physical_distance,D-physical-distance,exported,future_order_3,ridge,B-relaxed,exported,0.5382759751821958,0.5382158565405936,-0.011168739526579152,-0.03279998298353182,0.012817308405937412,15,8
persistence,D-physical-distance,exported,future_order_3,ridge,D-physical-distance,persistence,0.8318929066854726,0.5382158565405936,-35.30226640770172,-38.05091541093607,-31.815961990971008,15,15
training,D-physical-distance,exported,future_order_3,residual,D-physical-distance,initial_exported,0.5356029192123563,0.5351684749162242,-0.08111313074449233,-0.549919382546667,0.33039571966308257,15,12
physical_distance,D-physical-distance,exported,future_order_3,residual,B-relaxed,exported,0.5348405223474072,0.5351684749162242,0.06131782374634298,0.004909469485558926,0.12335974847002881,15,6
persistence,D-physical-distance,exported,future_order_3,residual,D-physical-distance,persistence,0.8318929066854726,0.5351684749162242,-35.66858538937342,-38.52568248773373,-32.02257360101082,15,15
training,D-physical-distance,exported,future_order_9,ridge,D-physical-distance,initial_exported,0.5334387357957925,0.5339469809870462,0.09527714377461916,-0.13202008031818563,0.33788302835463796,15,9
physical_distance,D-physical-distance,exported,future_order_9,ridge,B-relaxed,exported,0.5339371599425594,0.5339469809870462,0.0018393633602453718,-0.02429615930446577,0.031169812371366065,15,7
persistence,D-physical-distance,exported,future_order_9,ridge,D-physical-distance,persistence,0.8820290234427766,0.5339469809870462,-39.46378556763137,-41.330356494599094,-36.82375267457651,15,15
training,D-physical-distance,exported,future_order_9,residual,D-physical-distance,initial_exported,0.5309540423898879,0.5306801530175302,-0.05158438405041821,-0.4146596742286926,0.2988849468315211,15,7
physical_distance,D-physical-distance,exported,future_order_9,residual,B-relaxed,exported,0.530664134693468,0.5306801530175302,0.0030185428060880426,-0.04380677387467363,0.04881788082376212,15,7
persistence,D-physical-distance,exported,future_order_9,residual,D-physical-distance,persistence,0.8820290234427766,0.5306801530175302,-39.83416203855119,-41.66694206166263,-37.3010403142996,15,15
training,D-physical-distance,exported,hazard,linear,D-physical-distance,initial_exported,0.19307264064749083,0.1867757720251878,-3.2613987156262847,-9.302726261860101,2.3883541376440474,15,6
physical_distance,D-physical-distance,exported,hazard,linear,B-relaxed,exported,0.18679988781611126,0.1867757720251878,-0.01290996006764189,-0.12350547112157134,0.07142617223219959,15,7
training,D-physical-distance,exported,hazard,mlp,D-physical-distance,initial_exported,0.1955980010330677,0.21304364415506521,8.919131601476927,-13.560442245868254,31.628069570799205,15,9
physical_distance,D-physical-distance,exported,hazard,mlp,B-relaxed,exported,0.21383860263352591,0.21304364415506521,-0.37175630062599163,-1.498901755434936,0.6565777149212987,15,6
training,D-physical-distance,exported,observed_angular,ridge,D-physical-distance,initial_exported,0.9524111279563553,0.9494177280761309,-0.31429702912517676,-0.5461755743484433,-0.07920572219981188,15,10
physical_distance,D-physical-distance,exported,observed_angular,ridge,B-relaxed,exported,0.9496121215844734,0.9494177280761309,-0.02047083266145666,-0.039446421464520154,-0.0009164386178103866,15,11
training,D-physical-distance,exported,observed_angular,residual,D-physical-distance,initial_exported,0.9496439315176672,0.9472329219271186,-0.2538856418210833,-0.9225376474619684,0.3697551081182548,15,8
physical_distance,D-physical-distance,exported,observed_angular,residual,B-relaxed,exported,0.9471380403406283,0.9472329219271186,0.010017714678234313,-0.027828973410891078,0.04691470998971094,15,6
training,D-physical-distance,exported,observed_l6,ridge,D-physical-distance,initial_exported,0.3450018278747306,0.34310086049569405,-0.5510021180892943,-0.8330447088405268,-0.31412841246093315,15,13
physical_distance,D-physical-distance,exported,observed_l6,ridge,B-relaxed,exported,0.34309361773780744,0.34310086049569405,0.002111015044325981,-0.05035844784145649,0.05371067181481615,15,5
training,D-physical-distance,exported,observed_l6,residual,D-physical-distance,initial_exported,0.3491136919095893,0.3446465765745145,-1.2795589054787615,-1.912457003605975,-0.6654706359397261,15,12
physical_distance,D-physical-distance,exported,observed_l6,residual,B-relaxed,exported,0.34443554969295004,0.3446465765745145,0.061267450979607396,-0.004188354826468454,0.12624979323013205,15,4
training,D-physical-distance,exported,observed_radial,ridge,D-physical-distance,initial_exported,0.6473071001502023,0.6413364097023709,-0.9223891482799895,-1.4644637813754577,-0.4411059940520785,15,11
physical_distance,D-physical-distance,exported,observed_radial,ridge,B-relaxed,exported,0.6414635723645414,0.6413364097023709,-0.01982383219388817,-0.04013042697536634,0.0023750455731169615,15,11
training,D-physical-distance,exported,observed_radial,residual,D-physical-distance,initial_exported,0.6482252683205095,0.6423887919633354,-0.9003777918586642,-1.5670696998756706,-0.27234094121970437,15,11
physical_distance,D-physical-distance,exported,observed_radial,residual,B-relaxed,exported,0.64255200118094,0.6423887919633354,-0.025400157077504204,-0.05384204822792282,0.0020700562568692887,15,10
training,D-physical-distance,exported,relaxed_angular,ridge,D-physical-distance,initial_exported,0.7735242256617513,0.7693080857293821,-0.5450559649585962,-0.9127227800228573,-0.15368742610862968,15,9
physical_distance,D-physical-distance,exported,relaxed_angular,ridge,B-relaxed,exported,0.7696369784618481,0.7693080857293821,-0.04273348886162376,-0.06878434931432004,-0.01712795024838565,15,10
training,D-physical-distance,exported,relaxed_angular,residual,D-physical-distance,initial_exported,0.7735242256617513,0.7759899857558058,0.3187696018111197,-1.0420693993969479,1.6859180124955084,15,7
physical_distance,D-physical-distance,exported,relaxed_angular,residual,B-relaxed,exported,0.7756004504826765,0.7759899857558058,0.050223703826746124,-0.007846407697079671,0.10322202020723535,15,3
training,D-physical-distance,exported,relaxed_l6,ridge,D-physical-distance,initial_exported,0.16537578966805885,0.16713410077511512,1.0632215940347356,-0.6890412508457741,2.957257282311714,15,5
physical_distance,D-physical-distance,exported,relaxed_l6,ridge,B-relaxed,exported,0.16752105496896183,0.16713410077511512,-0.23098839361918033,-0.4339653247137368,-0.026070896392412522,15,11
training,D-physical-distance,exported,relaxed_l6,residual,D-physical-distance,initial_exported,0.1654036373750164,0.16740622719435133,1.21072900881527,-0.47239860697595726,2.9735193253755363,15,4
physical_distance,D-physical-distance,exported,relaxed_l6,residual,B-relaxed,exported,0.1687095456446736,0.16740622719435133,-0.7725220557864843,-1.8903711972451818,0.3819757968113076,15,8
training,D-physical-distance,exported,relaxed_radial,ridge,D-physical-distance,initial_exported,0.049205781667718745,0.0469904556021626,-4.502166189566914,-6.534145540164558,-2.525954659879685,15,12
physical_distance,D-physical-distance,exported,relaxed_radial,ridge,B-relaxed,exported,0.046986002989202344,0.0469904556021626,0.009476466770919068,-0.23676716907860024,0.23162101432257437,15,8
training,D-physical-distance,exported,relaxed_radial,residual,D-physical-distance,initial_exported,0.049205781667718745,0.0469904556021626,-4.502166189566914,-6.534145540164558,-2.525954659879685,15,12
physical_distance,D-physical-distance,exported,relaxed_radial,residual,B-relaxed,exported,0.046986002989202344,0.0469904556021626,0.009476466770919068,-0.23676716907860024,0.23162101432257437,15,8
training,D-physical-distance,pooled,current_order,ridge,D-physical-distance,initial_pooled,0.5173758687083183,0.5178852233856206,0.09844963944181107,-0.022393052124312363,0.22413698403814794,15,5
physical_distance,D-physical-distance,pooled,current_order,ridge,B-relaxed,pooled,0.5178460134147836,0.5178852233856206,0.007571743302303702,-0.01571864920729915,0.029068530444169568,15,8
training,D-physical-distance,pooled,current_order,residual,D-physical-distance,initial_pooled,0.5282390548234976,0.5298146365567047,0.29827058768563397,0.13917906867432384,0.44701478869488925,15,4
physical_distance,D-physical-distance,pooled,current_order,residual,B-relaxed,pooled,0.5293377655735274,0.5298146365567047,0.09008822233957936,0.04354529850835842,0.13873970027488297,15,6
training,D-physical-distance,pooled,future_order_12,ridge,D-physical-distance,initial_pooled,0.5647379865172761,0.5649079770613954,0.03010078092453572,0.0035416334398241656,0.057385711606695027,15,6
physical_distance,D-physical-distance,pooled,future_order_12,ridge,B-relaxed,pooled,0.5648782752593734,0.5649079770613954,0.005258088923376647,-0.007117702999292486,0.018258599574864087,15,6
persistence,D-physical-distance,pooled,future_order_12,ridge,D-physical-distance,persistence,0.8955950880579524,0.5649079770613954,-36.92372986475768,-40.435232087978434,-32.903524963784044,15,15
training,D-physical-distance,pooled,future_order_12,residual,D-physical-distance,initial_pooled,0.5580308046003455,0.5582817549854464,0.044970704669378136,-0.0017490034836559188,0.09036137140855105,15,6
physical_distance,D-physical-distance,pooled,future_order_12,residual,B-relaxed,pooled,0.5582993064688264,0.5582817549854464,-0.0031437408530954336,-0.04144689550899944,0.03651668259907422,15,9
persistence,D-physical-distance,pooled,future_order_12,residual,D-physical-distance,persistence,0.8955950880579524,0.5582817549854464,-37.66359793285054,-40.99961984119414,-33.734711200366775,15,15
training,D-physical-distance,pooled,future_order_3,ridge,D-physical-distance,initial_pooled,0.5468927029443051,0.5470692837632006,0.03228801882797505,-0.01820670193824203,0.08529486075834092,15,7
physical_distance,D-physical-distance,pooled,future_order_3,ridge,B-relaxed,pooled,0.5470231991013098,0.5470692837632006,0.00842462659107479,-0.00535488765679798,0.0231936470163152,15,6
persistence,D-physical-distance,pooled,future_order_3,ridge,D-physical-distance,persistence,0.8318929066854726,0.5470692837632006,-34.238015570670065,-37.27923026450331,-30.437578282859864,15,15
training,D-physical-distance,pooled,future_order_3,residual,D-physical-distance,initial_pooled,0.5405618279031242,0.5403476400907138,-0.03962318487069627,-0.14981277063600418,0.06258117755071232,15,8
physical_distance,D-physical-distance,pooled,future_order_3,residual,B-relaxed,pooled,0.5404077850200436,0.5403476400907138,-0.011129545316890255,-0.04335589203472129,0.01698485748857336,15,10
persistence,D-physical-distance,pooled,future_order_3,residual,D-physical-distance,persistence,0.8318929066854726,0.5403476400907138,-35.04600943844663,-38.05545145355955,-31.1881438378519,15,15
training,D-physical-distance,pooled,future_order_9,ridge,D-physical-distance,initial_pooled,0.5406112542387692,0.5407689612014679,0.029171971811936537,-0.08774906549972844,0.14708636707746803,15,7
physical_distance,D-physical-distance,pooled,future_order_9,ridge,B-relaxed,pooled,0.5407247952216933,0.5407689612014679,0.00816792204925143,-0.006597965616445545,0.021054950832445338,15,7
persistence,D-physical-distance,pooled,future_order_9,ridge,D-physical-distance,persistence,0.8820290234427766,0.5407689612014679,-38.690343874319076,-40.69979762224251,-35.910845196703065,15,15
training,D-physical-distance,pooled,future_order_9,residual,D-physical-distance,initial_pooled,0.5345924045804146,0.5349484492624182,0.06660114864205369,-0.06112044401126088,0.2286339682900795,15,6
physical_distance,D-physical-distance,pooled,future_order_9,residual,B-relaxed,pooled,0.5345969774598657,0.5349484492624182,0.06574519074584728,0.025696987175754527,0.10899511357267408,15,3
persistence,D-physical-distance,pooled,future_order_9,residual,D-physical-distance,persistence,0.8820290234427766,0.5349484492624182,-39.350244147932614,-41.11086455610317,-36.90727411328359,15,15
training,D-physical-distance,pooled,observed_angular,ridge,D-physical-distance,initial_pooled,0.9558387281452592,0.9540690580197293,-0.1851431704345985,-0.253230792614067,-0.11190682375201935,15,13
physical_distance,D-physical-distance,pooled,observed_angular,ridge,B-relaxed,pooled,0.9540845321903872,0.9540690580197293,-0.0016218867548767335,-0.008690494184216135,0.005757598046682852,15,8
training,D-physical-distance,pooled,observed_angular,residual,D-physical-distance,initial_pooled,0.9512316640486621,0.9494012702852802,-0.19242355280639778,-0.303156909114701,-0.07414165439955499,15,12
physical_distance,D-physical-distance,pooled,observed_angular,residual,B-relaxed,pooled,0.9495640053709217,0.9494012702852802,-0.01713787430031033,-0.06334854874966017,0.027855184132857785,15,8
training,D-physical-distance,pooled,observed_l6,ridge,D-physical-distance,initial_pooled,0.33878451483462435,0.3392114718274436,0.12602612401799718,0.0058009150824012146,0.2409002030054013,15,6
physical_distance,D-physical-distance,pooled,observed_l6,ridge,B-relaxed,pooled,0.33925751364277806,0.3392114718274436,-0.013571347275431744,-0.03625445421654244,0.007721458795281741,15,8
training,D-physical-distance,pooled,observed_l6,residual,D-physical-distance,initial_pooled,0.3420737559036347,0.3425507670902259,0.1394468819541972,-0.016121963432343952,0.29030492813808645,15,5
physical_distance,D-physical-distance,pooled,observed_l6,residual,B-relaxed,pooled,0.342497991189799,0.3425507670902259,0.015409112399034086,-0.030195001271409727,0.0595915671940289,15,9
training,D-physical-distance,pooled,observed_radial,ridge,D-physical-distance,initial_pooled,0.6316709577217493,0.6315399821888911,-0.020734771997532597,-0.1594799452834511,0.10814602693014295,15,7
physical_distance,D-physical-distance,pooled,observed_radial,ridge,B-relaxed,pooled,0.6315939211381406,0.6315399821888911,-0.008540131157741548,-0.02787300891251815,0.009142214955964982,15,9
training,D-physical-distance,pooled,observed_radial,residual,D-physical-distance,initial_pooled,0.6314165221278468,0.6313690066145053,-0.007525224899307403,-0.1433450422280938,0.11691043958565446,15,7
physical_distance,D-physical-distance,pooled,observed_radial,residual,B-relaxed,pooled,0.6313710083503963,0.6313690066145053,-0.0003170458992340919,-0.022243970417045733,0.022158643937807965,15,9
training,D-physical-distance,pooled,relaxed_angular,ridge,D-physical-distance,initial_pooled,0.7335938337807307,0.7334398214875475,-0.020994218611336546,-0.20561624105194243,0.17331828982956757,15,8
physical_distance,D-physical-distance,pooled,relaxed_angular,ridge,B-relaxed,pooled,0.7331913377456958,0.7334398214875475,0.03389070888586421,0.00792917311997765,0.05706994159072275,15,3
training,D-physical-distance,pooled,relaxed_angular,residual,D-physical-distance,initial_pooled,0.7460576783333336,0.7497512870839508,0.4950835381613672,-0.34746489031780403,1.3638766540404126,15,6
physical_distance,D-physical-distance,pooled,relaxed_angular,residual,B-relaxed,pooled,0.7507029040479222,0.7497512870839508,-0.1267634584654065,-0.3263883895589492,0.037092034310280624,15,11
training,D-physical-distance,pooled,relaxed_l6,ridge,D-physical-distance,initial_pooled,0.1686436148366717,0.1721910408331502,2.1035044818709103,1.315580224022614,2.9507095513604398,15,2
physical_distance,D-physical-distance,pooled,relaxed_l6,ridge,B-relaxed,pooled,0.17229598562230108,0.1721910408331502,-0.06090959622293557,-0.10954772379749039,-0.012402309633305093,15,10
training,D-physical-distance,pooled,relaxed_l6,residual,D-physical-distance,initial_pooled,0.16779880289902577,0.16972753022092307,1.1494285349925581,-1.0492801799560514,3.4431663051207764,15,7
physical_distance,D-physical-distance,pooled,relaxed_l6,residual,B-relaxed,pooled,0.16983499659635987,0.16972753022092307,-0.06327693207555107,-0.12604156111006126,0.003440406086770966,15,8
training,D-physical-distance,pooled,relaxed_radial,ridge,D-physical-distance,initial_pooled,0.05024507230462451,0.04941214160782026,-1.657736089530093,-1.9858612166164449,-1.3456127865702974,15,15
physical_distance,D-physical-distance,pooled,relaxed_radial,ridge,B-relaxed,pooled,0.049464658271841905,0.04941214160782026,-0.10617007345533613,-0.156043177159485,-0.055225342828164346,15,13
training,D-physical-distance,pooled,relaxed_radial,residual,D-physical-distance,initial_pooled,0.04898750177714788,0.04821755815062729,-1.5717144140625638,-2.9770755511667555,-0.24557728435775575,15,11
physical_distance,D-physical-distance,pooled,relaxed_radial,residual,B-relaxed,pooled,0.04836918281196309,0.04821755815062729,-0.31347368824742317,-1.8320232450953111,1.165488431452948,15,9
training,D-physical-distance,exported,observed_angular,neighbors,D-physical-distance,initial_exported,1.8811216274897258,1.8760066827138264,-0.2719093067217071,-0.6730237200629446,0.12351110500264069,15,9
physical_distance,D-physical-distance,exported,observed_angular,neighbors,B-relaxed,exported,1.882143791516622,1.8760066827138264,-0.32607013504798443,-0.701110309102691,0.0904194132780869,15,10
training,D-physical-distance,exported,relaxed_angular,neighbors,D-physical-distance,initial_exported,1.5041561086972555,1.500570543607076,-0.23837719166562854,-0.5975767736203991,0.11335000370529191,15,10
physical_distance,D-physical-distance,exported,relaxed_angular,neighbors,B-relaxed,exported,1.5039984067281087,1.500570543607076,-0.22791667236469193,-0.5967727768249387,0.15101018216699605,15,8
training,D-physical-distance,exported,observed_l6,neighbors,D-physical-distance,initial_exported,0.6723084370295207,0.6740521907806396,0.2593681196123798,-0.16666300146843782,0.7260748278960033,15,7
physical_distance,D-physical-distance,exported,observed_l6,neighbors,B-relaxed,exported,0.6724752147992452,0.6740521907806396,0.2345032124143387,0.049506666989504455,0.38987932081503907,15,2
training,D-physical-distance,exported,relaxed_l6,neighbors,D-physical-distance,initial_exported,0.3992254356543223,0.39971867203712463,0.12354833604075743,-0.39253506655230946,0.6378876056075131,15,6
physical_distance,D-physical-distance,exported,relaxed_l6,neighbors,B-relaxed,exported,0.3988654355208079,0.39971867203712463,0.21391588248369509,-0.1373557659844668,0.6008248938932658,15,5
training,D-physical-distance,exported,future_order_9,neighbors,D-physical-distance,initial_exported,1.0479979634284973,1.0452542503674824,-0.26180519015884807,-0.5358715937245253,-0.02286653717203211,15,9
physical_distance,D-physical-distance,exported,future_order_9,neighbors,B-relaxed,exported,1.0447141448656718,1.0452542503674824,0.051698879015371624,-0.21318837626281867,0.3341475204813824,15,7
training,D-physical-distance,pooled,observed_angular,neighbors,D-physical-distance,initial_pooled,1.9013979355494182,1.902510436375936,0.058509626297476025,-0.07362393435010273,0.1902792292389815,15,6
physical_distance,D-physical-distance,pooled,observed_angular,neighbors,B-relaxed,pooled,1.902298959096273,1.902510436375936,0.011116931891907988,-0.1653211552410716,0.2094809894169412,15,7
training,D-physical-distance,pooled,relaxed_angular,neighbors,D-physical-distance,initial_pooled,1.5147542158762615,1.5143778959910075,-0.02484362686102637,-0.29643705964011335,0.24613021228837234,15,8
physical_distance,D-physical-distance,pooled,relaxed_angular,neighbors,B-relaxed,pooled,1.5149752855300904,1.5143778959910075,-0.03943229601094389,-0.28670430888503434,0.19949906398327366,15,7
training,D-physical-distance,pooled,observed_l6,neighbors,D-physical-distance,initial_pooled,0.6918184717496236,0.6911661505699158,-0.09429080117766553,-0.3097803527274365,0.10515642691313219,15,10
physical_distance,D-physical-distance,pooled,observed_l6,neighbors,B-relaxed,pooled,0.692493486404419,0.6911661505699158,-0.19167484757076636,-0.3649097321262562,-0.010278343839234547,15,10
training,D-physical-distance,pooled,relaxed_l6,neighbors,D-physical-distance,initial_pooled,0.41953324278195697,0.41914224028587344,-0.0931994073915976,-0.4672307279093657,0.24994997771434047,15,7
physical_distance,D-physical-distance,pooled,relaxed_l6,neighbors,B-relaxed,pooled,0.41966166098912555,0.41914224028587344,-0.12377130234576539,-0.49826331836342275,0.2515988329368424,15,8
training,D-physical-distance,pooled,future_order_9,neighbors,D-physical-distance,initial_pooled,1.043613608678182,1.0415586551030478,-0.1969075104086615,-0.36719350493985614,-0.056249182642836876,15,10
physical_distance,D-physical-distance,pooled,future_order_9,neighbors,B-relaxed,pooled,1.0402634064356486,1.0415586551030478,0.1245116053670614,-0.09644237616857065,0.3680108488253425,15,6
