task,family,target,baseline,method,sources,n,improvement_percent,low,high,baseline_loss,candidate_loss
structure,linear,q4,radial,radial_control,10,32040,-1.2944124709131755,-1.8707133399262998,-0.6970663815278222,0.787577662023268,0.7977721654986236
structure,linear,q4,radial_control,plus_radial_duplicate,10,32040,-0.2330252212334738,-0.908424222607041,0.5097436160684254,0.7977721654986236,0.7996311758522159
structure,linear,q4,radial_control,plus_gatr,10,32040,-0.23399506977659357,-0.9088813769895909,0.5082099330441459,0.7977721654986236,0.7996389130339403
structure,linear,q4,radial_control,plus_angular_delta,10,32040,-0.18356565146822046,-0.7777217707914064,0.40035087548624393,0.7977721654986236,0.7992366011714533
structure,linear,q4,radial_control,plus_mace,10,32040,15.106699962685322,10.408191162589553,19.449616651963005,0.7977721654986236,0.6772551180709292
structure,linear,q4,radial_control,plus_soap,10,32040,73.7081176752117,71.64084046499613,75.65854852202541,0.7977721654986236,0.20974931897281354
structure,linear,q4,radial_control,plus_tda,10,32040,6.93004690576724,2.6782257396275546,11.072848539935698,0.7977721654986236,0.742486180228414
structure,linear,q4,plus_radial_duplicate,plus_gatr,10,32040,-0.0009675938055009325,-0.005076106452617246,0.00355537669769479,0.7996311758522159,0.7996389130339403
structure,linear,q4,plus_radial_duplicate,plus_angular_delta,10,32040,0.04934458443819345,-0.22973348300729945,0.3023745776612352,0.7996311758522159,0.7992366011714533
structure,linear,q6,radial,radial_control,10,32040,-0.3059117668945399,-1.5149091932564973,0.7180791353948002,0.2192842480110996,0.21995506432871176
structure,linear,q6,radial_control,plus_radial_duplicate,10,32040,-0.16190453073818833,-0.2434047607159151,-0.0835054051372408,0.21995506432871176,0.22031118154344806
structure,linear,q6,radial_control,plus_gatr,10,32040,-0.11852318814153939,-0.22390379325265553,-0.017287760175488387,0.21995506432871176,0.22021576208343294
structure,linear,q6,radial_control,plus_angular_delta,10,32040,0.38592627519409284,-0.23577559839511597,0.9940531500632899,0.21995506432871176,0.21910619994184719
structure,linear,q6,radial_control,plus_mace,10,32040,24.30063141879204,22.08091599495925,26.655028083699538,0.21995506432871176,0.1665045948592246
structure,linear,q6,radial_control,plus_soap,10,32040,91.78252181545231,91.26108681554388,92.3531006284121,0.21995506432871176,0.018074759427019724
structure,linear,q6,radial_control,plus_tda,10,32040,19.300624121664423,15.226108407495708,23.485673416747773,0.21995506432871176,0.1775023641260619
structure,linear,q6,plus_radial_duplicate,plus_gatr,10,32040,0.04331121976952623,-0.003323686103651191,0.09134028820616535,0.22031118154344806,0.22021576208343294
structure,linear,q6,plus_radial_duplicate,plus_angular_delta,10,32040,0.5469452767485783,-0.0592187443750225,1.1245455996472198,0.22031118154344806,0.21910619994184719
structure,linear,w4,radial,radial_control,10,32040,0.39878003161383235,-0.6808087501051219,1.4859421432620756,0.717426062298766,0.7145651104207251
structure,linear,w4,radial_control,plus_radial_duplicate,10,32040,0.11488883570903718,-0.2642071009748115,0.5024488835276619,0.7145651104207251,0.7137441548849798
structure,linear,w4,radial_control,plus_gatr,10,32040,0.12094413956434957,-0.25695060580330775,0.5095845199405646,0.7145651104207251,0.7137008857962998
structure,linear,w4,radial_control,plus_angular_delta,10,32040,0.36388388303105756,-0.038109819474607676,0.757225457919597,0.7145651104207251,0.711964923150141
structure,linear,w4,radial_control,plus_mace,10,32040,7.114800664574861,4.772679719703577,9.757568433112949,0.7145651104207251,0.6637252271956913
structure,linear,w4,radial_control,plus_soap,10,32040,27.252409687054204,20.240011463015016,32.86682123255944,0.7145651104207251,0.5198288990481179
structure,linear,w4,radial_control,plus_tda,10,32040,5.353774291601098,3.5988168434049204,7.485338949815187,0.7145651104207251,0.6763089072422693
structure,linear,w4,plus_radial_duplicate,plus_gatr,10,32040,0.006062268725270936,0.003003698635339891,0.009175923292825683,0.7137441548849798,0.7137008857962998
structure,linear,w4,plus_radial_duplicate,plus_angular_delta,10,32040,0.24928144387051931,0.10791254634783254,0.41341516074606677,0.7137441548849798,0.711964923150141
structure,linear,w6,radial,radial_control,10,32040,0.08482756346872566,-0.6919584378712124,0.9157780651787739,0.9538748748373591,0.9530657260224942
structure,linear,w6,radial_control,plus_radial_duplicate,10,32040,-0.06351705554314968,-0.2604014607284544,0.15609850397592231,0.9530657260224942,0.9536710853090545
structure,linear,w6,radial_control,plus_gatr,10,32040,-0.06356710859047876,-0.25831571997581015,0.1537171919370195,0.9530657260224942,0.9536715623474936
structure,linear,w6,radial_control,plus_angular_delta,10,32040,-0.05378935808357799,-0.20047153933383743,0.07950803585046184,0.9530657260224942,0.9535783739586362
structure,linear,w6,radial_control,plus_mace,10,32040,1.219717782894314,1.005531954761385,1.4948465605539418,0.9530657260224942,0.941441013879527
structure,linear,w6,radial_control,plus_soap,10,32040,7.782182620781608,6.086834459079748,9.102299818050508,0.9530657260224942,0.8788964107273456
structure,linear,w6,radial_control,plus_tda,10,32040,0.8963198636344538,0.37013602740136875,1.3811002224777713,0.9530657260224942,0.9445232086066626
structure,linear,w6,plus_radial_duplicate,plus_gatr,10,32040,-5.002127529962763e-05,-0.002949688230184377,0.00243852683643464,0.9536710853090545,0.9536715623474936
structure,linear,w6,plus_radial_duplicate,plus_angular_delta,10,32040,0.009721522634642543,-0.11334545684448694,0.11078555339599669,0.9536710853090545,0.9535783739586362
structure,linear,qbar6,radial,radial_control,10,32040,-3.972045250257583,-7.2177238597259095,-0.5172990537035238,0.10806964025493115,0.1123622152676476
structure,linear,qbar6,radial_control,plus_radial_duplicate,10,32040,-0.2829078990000289,-0.8093383980049662,0.3002165351311259,0.1123622152676476,0.11268009685013118
structure,linear,qbar6,radial_control,plus_gatr,10,32040,-0.28126645467532185,-0.7931040798571765,0.28909951700796244,0.1123622152676476,0.11267825248692558
structure,linear,qbar6,radial_control,plus_angular_delta,10,32040,1.2852409782842633,1.0095866946374108,1.5842235371035462,0.1123622152676476,0.11091809003291982
structure,linear,qbar6,radial_control,plus_mace,10,32040,56.32165742561598,53.68306117545774,58.89572811270295,0.1123622152676476,0.04907795330876995
structure,linear,qbar6,radial_control,plus_soap,10,32040,47.39185241406613,42.77062066689692,52.54318294590665,0.1123622152676476,0.05911168003882877
structure,linear,qbar6,radial_control,plus_tda,10,32040,53.9488276497232,50.936358423954964,56.60112262759209,0.1123622152676476,0.05174411740949343
structure,linear,qbar6,plus_radial_duplicate,plus_gatr,10,32040,0.0016368136495858998,-0.020445713227523754,0.019632222668419796,0.11268009685013118,0.11267825248692558
structure,linear,qbar6,plus_radial_duplicate,plus_angular_delta,10,32040,1.5637249758090777,0.8601820964667439,2.174968942766886,0.11268009685013118,0.11091809003291982
structure,linear,q6_coherence,radial,radial_control,10,32040,-3.406430777875502,-6.970031046282754,0.6350858501949386,0.15743795001053412,0.1628009647957492
structure,linear,q6_coherence,radial_control,plus_radial_duplicate,10,32040,-0.2721282280828019,-0.818300701708985,0.3599190416635589,0.1628009647957492,0.16324399217654958
structure,linear,q6_coherence,radial_control,plus_gatr,10,32040,-0.2714805461957237,-0.8156018490678152,0.3551079396424184,0.1628009647957492,0.1632429377441886
structure,linear,q6_coherence,radial_control,plus_angular_delta,10,32040,0.6522191470975103,0.2977816545607026,1.0064554986038199,0.1628009647957492,0.16173914573169185
structure,linear,q6_coherence,radial_control,plus_mace,10,32040,38.340806069345334,35.39599788351827,41.10240627558929,0.1628009647957492,0.10038176260438783
structure,linear,q6_coherence,radial_control,plus_soap,10,32040,32.53083910882366,28.94593824485715,36.48576927376028,0.1628009647957492,0.10984044487043139
structure,linear,q6_coherence,radial_control,plus_tda,10,32040,34.60553844204781,30.454188784978452,38.19032089760527,0.1628009647957492,0.1064628143393315
structure,linear,q6_coherence,plus_radial_duplicate,plus_gatr,10,32040,0.0006459241451484132,-0.007697455080224458,0.007213535536798599,0.16324399217654958,0.1632429377441886
structure,linear,q6_coherence,plus_radial_duplicate,plus_angular_delta,10,32040,0.9218387916109294,0.47714516701757415,1.3412408035110235,0.16324399217654958,0.16173914573169185
structure,linear,bond_order,radial,radial_control,10,32040,-0.572442100980286,-1.2434148054295102,0.18130952705153192,0.49061173957265963,0.49342020772232525
structure,linear,bond_order,radial_control,plus_radial_duplicate,10,32040,-0.09324169809101779,-0.3856189637777785,0.19731276392838895,0.49342020772232525,0.49388028110272975
structure,linear,bond_order,radial_control,plus_gatr,10,32040,-0.08873664262947223,-0.37511033129538074,0.1966154733520513,0.49342020772232525,0.49385805224871343
structure,linear,bond_order,radial_control,plus_angular_delta,10,32040,0.13436526936559945,-0.08075098604367614,0.3564843774350737,0.49342020772232525,0.49275722233111485
structure,linear,bond_order,radial_control,plus_mace,10,32040,12.232155971312775,10.326441235323317,14.101404761061943,0.49342020772232525,0.43306427831975497
structure,linear,bond_order,radial_control,plus_soap,10,32040,39.35184504053305,36.5658068469943,42.435095614737904,0.49342020772232525,0.2992502521807595
structure,linear,bond_order,radial_control,plus_tda,10,32040,8.83268967265577,6.827536612169094,10.795140908318013,0.49342020772232525,0.4498379319920388
structure,linear,bond_order,plus_radial_duplicate,plus_gatr,10,32040,0.0045008587843731185,-0.0010989126350890999,0.010443022519501799,0.49388028110272975,0.49385805224871343
structure,linear,bond_order,plus_radial_duplicate,plus_angular_delta,10,32040,0.22739494055266096,0.01870618615162911,0.416208678981092,0.49388028110272975,0.49275722233111485
structure,linear,angular_arrangement,radial,radial_control,10,32040,-0.007881242836904612,-0.3596413180937341,0.4138909325479334,0.42933856908338086,0.4293724062986028
structure,linear,angular_arrangement,radial_control,plus_radial_duplicate,10,32040,0.4003447122069126,-0.13028478826098144,0.8724248561631928,0.4293724062986028,0.42765343657431076
structure,linear,angular_arrangement,radial_control,plus_gatr,10,32040,0.41499456387723566,-0.10884873267440476,0.8806115773286946,0.4293724062986028,0.4275905341536747
structure,linear,angular_arrangement,radial_control,plus_angular_delta,10,32040,0.8254326599300921,0.10705429922951426,1.4121607020046723,0.4293724062986028,0.4258282262242864
structure,linear,angular_arrangement,radial_control,plus_mace,10,32040,17.106862378901745,11.862694105140271,21.081597227503423,0.4293724062986028,0.355920259660122
structure,linear,angular_arrangement,radial_control,plus_soap,10,32040,45.01757219772764,41.48916387399554,47.924883621930704,0.4293724062986028,0.23607937329600884
structure,linear,angular_arrangement,radial_control,plus_tda,10,32040,10.106508180340201,6.523680918704677,12.877698937317131,0.4293724062986028,0.38597784893191095
structure,linear,angular_arrangement,plus_radial_duplicate,plus_gatr,10,32040,0.014708737322433052,0.0044842953721202505,0.024894060887392655,0.42765343657431076,0.4275905341536747
structure,linear,angular_arrangement,plus_radial_duplicate,plus_angular_delta,10,32040,0.42679660536463215,0.1161363961560294,0.6675201791702667,0.42765343657431076,0.4258282262242864
structure,nonlinear,q4,radial,radial_control,10,32040,0.393276629892203,-0.255471521451045,1.0921516540278509,0.7858316368982271,0.782741144720007
structure,nonlinear,q4,radial_control,plus_radial_duplicate,10,32040,-0.03583685705557116,-1.2366038004294921,1.1028802751842037,0.782741144720007,0.7830216545451554
structure,nonlinear,q4,radial_control,plus_gatr,10,32040,0.01496291807304706,-1.1575690126449878,1.1496684492632525,0.782741144720007,0.7826240238037985
structure,nonlinear,q4,radial_control,plus_angular_delta,10,32040,0.6537975225046178,-0.9762963091763499,2.17279484125203,0.782741144720007,0.7776236025082033
structure,nonlinear,q4,radial_control,plus_mace,10,32040,10.710627324004108,6.351763643850495,14.566180230893943,0.782741144720007,0.6989046577974034
structure,nonlinear,q4,radial_control,plus_soap,10,32040,73.91015180280537,71.67001515306649,76.0218580747418,0.782741144720007,0.20421597643443334
structure,nonlinear,q4,radial_control,plus_tda,10,32040,5.048656960054032,2.9856965211660036,7.122609637996002,0.782741144720007,0.7432232294378938
structure,nonlinear,q4,plus_radial_duplicate,plus_gatr,10,32040,0.05078157660759475,0.015401564068229234,0.08494059776783525,0.7830216545451554,0.7826240238037985
structure,nonlinear,q4,plus_radial_duplicate,plus_angular_delta,10,32040,0.6893873248100313,-0.4407337640415898,1.8070238471639979,0.7830216545451554,0.7776236025082033
structure,nonlinear,q6,radial,radial_control,10,32040,-0.18588474138838684,-0.7000912613692734,0.24127866872521714,0.2141142511245316,0.21451225684651015
structure,nonlinear,q6,radial_control,plus_radial_duplicate,10,32040,-1.2763630673946702,-2.3301369421231843,-0.12035452301428773,0.21451225684651015,0.21725021206793382
structure,nonlinear,q6,radial_control,plus_gatr,10,32040,-1.247069472426432,-2.2981679245963837,-0.10905363887487862,0.21451225684651015,0.21718737371625596
structure,nonlinear,q6,radial_control,plus_angular_delta,10,32040,-0.909454582732705,-1.6639218991596705,-0.07129189971766203,0.21451225684651015,0.21646314839692407
structure,nonlinear,q6,radial_control,plus_mace,10,32040,19.473171672649126,17.71163648748999,21.40564629145284,0.21451225684651015,0.1727399168119152
structure,nonlinear,q6,radial_control,plus_soap,10,32040,91.48287907539093,90.98435731181222,92.05437216577099,0.21451225684651015,0.018270268313725278
structure,nonlinear,q6,radial_control,plus_tda,10,32040,18.249505038049197,14.975356309739507,21.860803483563597,0.21451225684651015,0.17536483172607326
structure,nonlinear,q6,plus_radial_duplicate,plus_gatr,10,32040,0.02892441442506888,-0.0011464680172768027,0.05939281271931662,0.21725021206793382,0.21718737371625596
structure,nonlinear,q6,plus_radial_duplicate,plus_angular_delta,10,32040,0.3622844201245923,-0.05902851616415017,0.7813937567940354,0.21725021206793382,0.21646314839692407
structure,nonlinear,w4,radial,radial_control,10,32040,-0.651530497751196,-1.5784302521445026,0.1692764137235514,0.7038218330105769,0.7084074469024723
structure,nonlinear,w4,radial_control,plus_radial_duplicate,10,32040,0.0992050032570857,-0.45470161909075824,0.6567777584729373,0.7084074469024723,0.7077046712716992
structure,nonlinear,w4,radial_control,plus_gatr,10,32040,0.11095341591840224,-0.44305961893804646,0.6606736524988444,0.7084074469024723,0.7076214446415137
structure,nonlinear,w4,radial_control,plus_angular_delta,10,32040,0.04158367637149274,-0.3647022837191205,0.38547818522432875,0.7084074469024723,0.7081128650423608
structure,nonlinear,w4,radial_control,plus_mace,10,32040,4.847296963953718,3.6483607901919513,6.162156135648412,0.7084074469024723,0.6740688342363467
structure,nonlinear,w4,radial_control,plus_soap,10,32040,28.216775960086416,20.171855463389754,34.5252794912812,0.7084074469024723,0.5085177047254336
structure,nonlinear,w4,radial_control,plus_tda,10,32040,4.198144319874764,3.115127390889172,5.338155037893211,0.7084074469024723,0.6786674799087663
structure,nonlinear,w4,plus_radial_duplicate,plus_gatr,10,32040,0.011760079248313016,0.0014641796216124936,0.020260700348784244,0.7077046712716992,0.7076214446415137
structure,nonlinear,w4,plus_radial_duplicate,plus_angular_delta,10,32040,-0.05767854688991658,-0.5336234496096548,0.3849433344243372,0.7077046712716992,0.7081128650423608
structure,nonlinear,w6,radial,radial_control,10,32040,0.04307357062254269,-0.7081087575370404,0.8782084687337433,0.9474413530759028,0.9470332562555785
structure,nonlinear,w6,radial_control,plus_radial_duplicate,10,32040,-0.13651670437080377,-0.2188549069447765,-0.05422145772873144,0.9470332562555785,0.9483261148463141
structure,nonlinear,w6,radial_control,plus_gatr,10,32040,-0.14032848112632834,-0.2207989042484204,-0.0611372825867873,0.9470332562555785,0.9483622136398433
structure,nonlinear,w6,radial_control,plus_angular_delta,10,32040,-0.2118096672448999,-0.3021168700672233,-0.14442700878691817,0.9470332562555785,0.9490391642443521
structure,nonlinear,w6,radial_control,plus_mace,10,32040,0.7420927289154111,-0.13231963366913124,1.5208647047452257,0.9470332562555785,0.9400053913204951
structure,nonlinear,w6,radial_control,plus_soap,10,32040,7.669727047709762,6.187382769413818,8.689577750466714,0.9470332562555785,0.8743983904497379
structure,nonlinear,w6,radial_control,plus_tda,10,32040,0.9775374489243482,0.4682451975471902,1.4182809129552498,0.9470332562555785,0.9377756515219126
structure,nonlinear,w6,plus_radial_duplicate,plus_gatr,10,32040,-0.003806580137788451,-0.009515026692263895,0.0008332116904541387,0.9483261148463141,0.9483622136398433
structure,nonlinear,w6,plus_radial_duplicate,plus_angular_delta,10,32040,-0.07519031553333555,-0.21694655148247977,0.0372947503596839,0.9483261148463141,0.9490391642443521
structure,nonlinear,qbar6,radial,radial_control,10,32040,-0.27718614380982665,-3.4754122706439627,2.8813462601508633,0.09412850660820662,0.0943894177858997
structure,nonlinear,qbar6,radial_control,plus_radial_duplicate,10,32040,0.13799013365941581,-4.7234950271140885,4.636152398050199,0.0943894177858997,0.09425916970213659
structure,nonlinear,qbar6,radial_control,plus_gatr,10,32040,0.17223535063040085,-4.71563906356578,4.6833674564354775,0.0943894177858997,0.09422684584121815
structure,nonlinear,qbar6,radial_control,plus_angular_delta,10,32040,-0.7646351418533204,-6.318558751149572,4.782283647143637,0.0943894177858997,0.09511115244448143
structure,nonlinear,qbar6,radial_control,plus_mace,10,32040,48.888924818058555,44.42533606300999,53.06792931706139,0.0943894177858997,0.04824344628834801
structure,nonlinear,qbar6,radial_control,plus_soap,10,32040,46.03745149219394,40.597506794792785,51.66883843379594,0.0943894177858997,0.05093493535895185
structure,nonlinear,qbar6,radial_control,plus_tda,10,32040,49.02177382011974,44.33469293786783,53.34498483400354,0.0943894177858997,0.04811805088876807
structure,nonlinear,qbar6,plus_radial_duplicate,plus_gatr,10,32040,0.034292537289026814,-0.0015751312046008437,0.07182344420007172,0.09425916970213659,0.09422684584121815
structure,nonlinear,qbar6,plus_radial_duplicate,plus_angular_delta,10,32040,-0.9038725304255646,-3.7701905439485817,2.186266151521632,0.09425916970213659,0.09511115244448143
structure,nonlinear,q6_coherence,radial,radial_control,10,32040,0.7997089158811588,-1.714604809937481,3.6035577451427714,0.1452877626065068,0.1441258834152583
structure,nonlinear,q6_coherence,radial_control,plus_radial_duplicate,10,32040,-0.3749778089961797,-1.497082808159944,0.5548102959263002,0.1441258834152583,0.14466632349508524
structure,nonlinear,q6_coherence,radial_control,plus_gatr,10,32040,-0.3167426823558417,-1.4642714382806066,0.662912414090755,0.1441258834152583,0.14458239160435685
structure,nonlinear,q6_coherence,radial_control,plus_angular_delta,10,32040,-1.6339855696038796,-3.451926271346961,0.4678498872342174,0.1441258834152583,0.14648087955232775
structure,nonlinear,q6_coherence,radial_control,plus_mace,10,32040,27.128949758858077,23.25175105773293,31.638788344087914,0.1441258834152583,0.10502604491402252
structure,nonlinear,q6_coherence,radial_control,plus_soap,10,32040,31.941020148711885,28.076948681092475,35.87397171153292,0.1441258834152583,0.09809060595408166
structure,nonlinear,q6_coherence,radial_control,plus_tda,10,32040,29.755964885712295,27.56611792903524,31.754330197370507,0.1441258834152583,0.10123983615499141
structure,nonlinear,q6_coherence,plus_radial_duplicate,plus_gatr,10,32040,0.058017573613977635,-0.06660617050271433,0.19553098104914124,0.14466632349508524,0.14458239160435685
structure,nonlinear,q6_coherence,plus_radial_duplicate,plus_angular_delta,10,32040,-1.254304397459971,-4.00066200503959,1.875771499879808,0.14466632349508524,0.14648087955232775
structure,nonlinear,bond_order,radial,radial_control,10,32040,-0.020205406526385694,-0.3971094249673568,0.3929167969916936,0.481770890553992,0.48186823432095427
structure,nonlinear,bond_order,radial_control,plus_radial_duplicate,10,32040,-0.13899857943053817,-0.6031044609281722,0.3231078210897853,0.48186823432095427,0.48253802432138737
structure,nonlinear,bond_order,radial_control,plus_gatr,10,32040,-0.11742101123157767,-0.5711825926014047,0.33770600859514,0.48186823432095427,0.4824340488744977
structure,nonlinear,bond_order,radial_control,plus_angular_delta,10,32040,-0.056080554372872626,-0.8644296052944922,0.727390179448606,0.48186823432095427,0.4821384686981083
structure,nonlinear,bond_order,radial_control,plus_mace,10,32040,8.723723506164937,7.550216431566903,9.88577461759692,0.48186823432095427,0.43983138189475524
structure,nonlinear,bond_order,radial_control,plus_soap,10,32040,39.318546846155556,35.998961202087166,42.84738065291908,0.48186823432095427,0.29240464687272727
structure,nonlinear,bond_order,radial_control,plus_tda,10,32040,7.1534191146247705,6.146050877923004,8.190918865359942,0.48186823432095427,0.44739817993973424
structure,nonlinear,bond_order,plus_radial_duplicate,plus_gatr,10,32040,0.021547617316974854,0.005404627100791259,0.036510733603833945,0.48253802432138737,0.4824340488744977
structure,nonlinear,bond_order,plus_radial_duplicate,plus_angular_delta,10,32040,0.08280293016099671,-0.4890810072578633,0.6544601688111773,0.48253802432138737,0.4821384686981083
structure,nonlinear,angular_arrangement,radial,radial_control,10,32040,-0.1877929462110517,-0.5573741564896079,0.27516035526321536,0.42036225309404235,0.42115166375388685
structure,nonlinear,angular_arrangement,radial_control,plus_radial_duplicate,10,32040,-0.26508625330650126,-0.5941934328524123,0.12434360324765208,0.42115166375388685,0.42226807892007
structure,nonlinear,angular_arrangement,radial_control,plus_gatr,10,32040,-0.2640885261177228,-0.5848796581929605,0.11581137490471738,0.42115166375388685,0.42226387697541473
structure,nonlinear,angular_arrangement,radial_control,plus_angular_delta,10,32040,0.1568526282660132,-0.38813819825377405,0.7335420587411767,0.42115166375388685,0.42049107630030286
structure,nonlinear,angular_arrangement,radial_control,plus_mace,10,32040,14.939718538578617,9.467714967303763,19.166798532482904,0.42115166375388685,0.35823279056851515
structure,nonlinear,angular_arrangement,radial_control,plus_soap,10,32040,43.652041076698644,40.327024494981565,46.46324817770605,0.42115166375388685,0.23731036649684042
structure,nonlinear,angular_arrangement,radial_control,plus_tda,10,32040,9.685885746209665,5.838002769906659,12.669318015626684,0.42115166375388685,0.38035939478442427
structure,nonlinear,angular_arrangement,plus_radial_duplicate,plus_gatr,10,32040,0.000995089343724942,-0.015144708750973734,0.015070816808837595,0.42226807892007,0.42226387697541473
structure,nonlinear,angular_arrangement,plus_radial_duplicate,plus_angular_delta,10,32040,0.4208233367560599,-0.3657041890686469,1.253001678403291,0.42226807892007,0.42049107630030286
future,linear,crystallize_24ps,radial,radial_control,10,17674,-0.08406268581553356,-0.42908838884528844,0.31057834456491573,0.0541468877731768,0.05419240510132445
future,linear,crystallize_24ps,radial_control,plus_radial_duplicate,10,17674,-0.787024863376673,-2.0747536865966287,0.21354538119012778,0.05419240510132445,0.05461891280353368
future,linear,crystallize_24ps,radial_control,plus_gatr,10,17674,-0.786199053454828,-2.0740916906478866,0.21386122734678992,0.05419240510132445,0.05461846527727547
future,linear,crystallize_24ps,radial_control,plus_angular_delta,10,17674,-0.9875639744115094,-2.383798024666395,0.08625493381493321,0.05419240510132445,0.05472758977097227
future,linear,crystallize_24ps,radial_control,plus_mace,10,17674,0.4282283528825759,-0.020624447188694044,1.0561029240477082,0.05419240510132445,0.053960337857571594
future,linear,crystallize_24ps,radial_control,plus_soap,10,17674,-0.6039851082042968,-1.6931179725049539,0.26422124971455796,0.05419240510132445,0.05451971915791419
future,linear,crystallize_24ps,radial_control,plus_tda,10,17674,-0.052995222519980345,-0.21418440633604874,0.14585854554197697,0.05419240510132445,0.05422112448699683
future,linear,crystallize_24ps,radial_control,current_order,10,17674,-1.2432803645664903,-3.4829428074340862,0.5887147504256229,0.05419240510132445,0.05486616863303555
future,linear,crystallize_24ps,plus_radial_duplicate,plus_gatr,10,17674,0.0008193613443396863,7.860591031416675e-05,0.0015680915987248412,0.05461891280353368,0.05461846527727547
future,linear,crystallize_24ps,plus_radial_duplicate,plus_angular_delta,10,17674,-0.19897314292853796,-0.377540379231478,-0.0340890581204345,0.05461891280353368,0.05472758977097227
future,linear,crystallize_24ps,current_order,current_order_radial_duplicate,10,17674,0.33185493180722947,-0.06356303309649203,0.8164989544091283,0.05486616863303555,0.05468409254653315
future,linear,crystallize_24ps,current_order,current_order_plus_gatr,10,17674,0.38112206125942016,0.05278932740887532,0.7756493122054923,0.05486616863303555,0.054657061560207255
future,linear,crystallize_24ps,current_order_radial_duplicate,current_order_plus_gatr,10,17674,0.04943116922511148,-0.06243968014960354,0.14677369839618537,0.05468409254653315,0.054657061560207255
future,linear,crystallize_48ps,radial,radial_control,10,17674,-3.13108042231105,-6.774808773101149,-0.07227951412185352,0.10928854732655757,0.11271045963572757
future,linear,crystallize_48ps,radial_control,plus_radial_duplicate,10,17674,0.3390089793062212,-0.25301367033427447,1.0150044373898992,0.11271045963572757,0.11232836105694513
future,linear,crystallize_48ps,radial_control,plus_gatr,10,17674,0.3411680892515534,-0.2535772016085014,1.0193897373133698,0.11271045963572757,0.11232592751420171
future,linear,crystallize_48ps,radial_control,plus_angular_delta,10,17674,0.3297459019013571,-0.23741675459579004,0.9703821323132744,0.11271045963572757,0.11233880151406457
future,linear,crystallize_48ps,radial_control,plus_mace,10,17674,0.7166510142008864,0.11829204524804737,1.3159915178597936,0.11271045963572757,0.11190271898363764
future,linear,crystallize_48ps,radial_control,plus_soap,10,17674,2.3342484287513066,0.19622702125514646,4.39572082022186,0.11271045963572757,0.11007951750264222
future,linear,crystallize_48ps,radial_control,plus_tda,10,17674,0.6928849666922643,0.03336683088051018,1.340857585044486,0.11271045963572757,0.11192950580502185
future,linear,crystallize_48ps,radial_control,current_order,10,17674,-0.2214367533520889,-0.3548261420417642,-0.0937274027863077,0.11271045963572757,0.11296004201823315
future,linear,crystallize_48ps,plus_radial_duplicate,plus_gatr,10,17674,0.0021664544203381375,-0.0006931221167905122,0.004871800235528578,0.11232836105694513,0.11232592751420171
future,linear,crystallize_48ps,plus_radial_duplicate,plus_angular_delta,10,17674,-0.009294586889008194,-0.09833935608571931,0.07300924013879939,0.11232836105694513,0.11233880151406457
future,linear,crystallize_48ps,current_order,current_order_radial_duplicate,10,17674,0.575205940045298,0.1547064178459956,1.0380412463827868,0.11296004201823315,0.1123102891466666
future,linear,crystallize_48ps,current_order,current_order_plus_gatr,10,17674,0.5757801353018732,0.20739888934309114,0.9858152356492345,0.11296004201823315,0.11230964053546351
future,linear,crystallize_48ps,current_order_radial_duplicate,current_order_plus_gatr,10,17674,0.00057751716964205,-0.06535320633331843,0.05755305390758858,0.1123102891466666,0.11230964053546351
future,linear,crystallize_96ps,radial,radial_control,10,17674,0.641541808973245,0.016362721896134858,1.1811136443656611,0.20829374885439647,0.20695745737001778
future,linear,crystallize_96ps,radial_control,plus_radial_duplicate,10,17674,0.23260083101790396,-0.8479824400066338,1.2882376450857846,0.20695745737001778,0.2064760726043216
future,linear,crystallize_96ps,radial_control,plus_gatr,10,17674,0.23443066755514108,-0.8475305085650531,1.2913159755620514,0.20695745737001778,0.2064722856211501
future,linear,crystallize_96ps,radial_control,plus_angular_delta,10,17674,0.5696207996013891,-0.3946301360268878,1.5474028808684228,0.20695745737001778,0.20577858464651197
future,linear,crystallize_96ps,radial_control,plus_mace,10,17674,0.1544648405894744,-0.5561443400682986,0.8530863091574978,0.20695745737001778,0.20663778086340315
future,linear,crystallize_96ps,radial_control,plus_soap,10,17674,1.7376308455145817,-2.006021353304255,5.416712831959251,0.20695745737001778,0.20336130075366365
future,linear,crystallize_96ps,radial_control,plus_tda,10,17674,0.9643507550740504,-0.26220621591397375,2.16282995363794,0.20695745737001778,0.20496166156718795
future,linear,crystallize_96ps,radial_control,current_order,10,17674,-0.20750653816783426,-0.4130454491277219,0.023258390504110604,0.20695745737001778,0.20738690762528647
future,linear,crystallize_96ps,plus_radial_duplicate,plus_gatr,10,17674,0.0018341026753021517,0.000464870691143926,0.003112300357832609,0.2064760726043216,0.2064722856211501
future,linear,crystallize_96ps,plus_radial_duplicate,plus_angular_delta,10,17674,0.3378057074662877,-0.02254731624586892,0.7093841875136953,0.2064760726043216,0.20577858464651197
future,linear,crystallize_96ps,current_order,current_order_radial_duplicate,10,17674,0.642752200641461,-0.3037347620474584,1.5705981507815236,0.20738690762528647,0.20605392371268266
future,linear,crystallize_96ps,current_order,current_order_plus_gatr,10,17674,0.6231801513500779,-0.3671863140253917,1.5925533737358832,0.20738690762528647,0.20609451358046696
future,linear,crystallize_96ps,current_order_radial_duplicate,current_order_plus_gatr,10,17674,-0.019698662880540674,-0.06265855685999688,0.023157059902045862,0.20605392371268266,0.20609451358046696
future,nonlinear,crystallize_24ps,radial,radial_control,10,17674,-0.030595304463654216,-0.45369961082273313,0.46101498178691136,0.05418465836249094,0.054201236323689526
future,nonlinear,crystallize_24ps,radial_control,plus_radial_duplicate,10,17674,0.09789377609515926,-0.16514568865395984,0.44894978694624,0.054201236323689526,0.05414817668676201
future,nonlinear,crystallize_24ps,radial_control,plus_gatr,10,17674,0.10248095261079504,-0.16156823776458662,0.45800093140916376,0.054201236323689526,0.054145690380378184
future,nonlinear,crystallize_24ps,radial_control,plus_angular_delta,10,17674,0.34348323381141466,0.15874479907774797,0.5818152821227662,0.054201236323689526,0.05401506416439915
future,nonlinear,crystallize_24ps,radial_control,plus_mace,10,17674,0.39367639444602975,-0.028732946582898933,0.9608379870239658,0.054201236323689526,0.053987858850785254
future,nonlinear,crystallize_24ps,radial_control,plus_soap,10,17674,0.27557707235428275,0.030946036837249672,0.6073505719585315,0.054201236323689526,0.05405187014344888
future,nonlinear,crystallize_24ps,radial_control,plus_tda,10,17674,0.7000960648304355,-0.08422454482737152,1.5965259341097604,0.054201236323689526,0.05382177560109793
future,nonlinear,crystallize_24ps,radial_control,current_order,10,17674,0.2054608883100162,-0.035710499854713085,0.4832339710853617,0.054201236323689526,0.054089873982063864
future,nonlinear,crystallize_24ps,plus_radial_duplicate,plus_gatr,10,17674,0.004591671476228409,-0.0007672705708561267,0.009824846488635228,0.05414817668676201,0.054145690380378184
future,nonlinear,crystallize_24ps,plus_radial_duplicate,plus_angular_delta,10,17674,0.24583011009381428,0.02565591538511436,0.4210012389562645,0.05414817668676201,0.05401506416439915
future,nonlinear,crystallize_24ps,current_order,current_order_radial_duplicate,10,17674,0.17856730722497494,-0.030932069500460013,0.4556284050582504,0.054089873982063864,0.05399328715061271
future,nonlinear,crystallize_24ps,current_order,current_order_plus_gatr,10,17674,0.203979843286628,0.01092106333077103,0.4274081395655438,0.054089873982063864,0.05397954154188132
future,nonlinear,crystallize_24ps,current_order_radial_duplicate,current_order_plus_gatr,10,17674,0.025457995719080362,-0.2754356145085568,0.29807275916886167,0.05399328715061271,0.05397954154188132
future,nonlinear,crystallize_48ps,radial,radial_control,10,17674,-0.7447778199045407,-1.5482667402765093,0.05329195091667849,0.10905095403387577,0.10986314135191437
future,nonlinear,crystallize_48ps,radial_control,plus_radial_duplicate,10,17674,0.49298040692504763,0.3384075863510527,0.6271637779737261,0.10986314135191437,0.10932153759061707
future,nonlinear,crystallize_48ps,radial_control,plus_gatr,10,17674,0.49216860045141475,0.3377734958676215,0.6234142332766444,0.10986314135191437,0.1093224294667107
future,nonlinear,crystallize_48ps,radial_control,plus_angular_delta,10,17674,0.5326213604117336,0.47040009930217785,0.5967290248188283,0.10986314135191437,0.10927798679385474
future,nonlinear,crystallize_48ps,radial_control,plus_mace,10,17674,0.5147818137659521,0.3355886482972914,0.6865343006146718,0.10986314135191437,0.10929758588020273
future,nonlinear,crystallize_48ps,radial_control,plus_soap,10,17674,1.2884911926918985,0.661703868328023,1.9200784041981889,0.10986314135191437,0.1084475644515803
future,nonlinear,crystallize_48ps,radial_control,plus_tda,10,17674,1.1869263976527322,-0.07106867334836509,2.4726396545516707,0.10986314135191437,0.10855914672591796
future,nonlinear,crystallize_48ps,radial_control,current_order,10,17674,0.6667289486807393,0.11565321982649479,1.2240838120187614,0.10986314135191437,0.10913065198459111
future,nonlinear,crystallize_48ps,plus_radial_duplicate,plus_gatr,10,17674,-0.0008158283475445671,-0.009338684163862077,0.007462976279570821,0.10932153759061707,0.1093224294667107
future,nonlinear,crystallize_48ps,plus_radial_duplicate,plus_angular_delta,10,17674,0.03983734378619763,-0.052455467182799254,0.1453457295050531,0.10932153759061707,0.10927798679385474
future,nonlinear,crystallize_48ps,current_order,current_order_radial_duplicate,10,17674,-0.10076998292465333,-0.803119528046925,0.5126671585499517,0.10913065198459111,0.10924062292396156
future,nonlinear,crystallize_48ps,current_order,current_order_plus_gatr,10,17674,-2.801443100638479,-5.961776577325217,-0.06097558753221932,0.10913065198459111,0.11218788510529523
future,nonlinear,crystallize_48ps,current_order_radial_duplicate,current_order_plus_gatr,10,17674,-2.6979543895361724,-5.4184808728209966,-0.4477512972638937,0.10924062292396156,0.11218788510529523
future,nonlinear,crystallize_96ps,radial,radial_control,10,17674,-4.256560536649401,-8.88551430399862,-0.03430230187675409,0.19941050789606352,0.2078985368810995
future,nonlinear,crystallize_96ps,radial_control,plus_radial_duplicate,10,17674,1.4106253936865931,0.0559102578775339,2.624909911897034,0.2078985368810995,0.20496586732675182
future,nonlinear,crystallize_96ps,radial_control,plus_gatr,10,17674,1.3917141715945047,0.05701920619411993,2.5879479712275137,0.2078985368810995,0.2050051834807876
future,nonlinear,crystallize_96ps,radial_control,plus_angular_delta,10,17674,1.5425774462232478,0.043134527428212444,2.8873165856860874,0.2078985368810995,0.20469154094014352
future,nonlinear,crystallize_96ps,radial_control,plus_mace,10,17674,-0.3946948322719912,-0.9529900008145686,0.17768757253374678,0.2078985368810995,0.20871910166253826
future,nonlinear,crystallize_96ps,radial_control,plus_soap,10,17674,5.329731468582077,-1.2880168483807797,11.812407773456494,0.2078985368810995,0.19681810313822581
future,nonlinear,crystallize_96ps,radial_control,plus_tda,10,17674,-0.273551943835737,-0.6538700903859107,0.09432943609209987,0.2078985368810995,0.20846724736994382
future,nonlinear,crystallize_96ps,radial_control,current_order,10,17674,0.22771215339164597,0.0319376352706402,0.3990778738934053,0.2078985368810995,0.20742512664589782
future,nonlinear,crystallize_96ps,plus_radial_duplicate,plus_gatr,10,17674,-0.019181805511614414,-0.03817598745927686,0.0011687468073609522,0.20496586732675182,0.2050051834807876
future,nonlinear,crystallize_96ps,plus_radial_duplicate,plus_angular_delta,10,17674,0.1338400340437973,-0.03334379049066971,0.3024066691370786,0.20496586732675182,0.20469154094014352
future,nonlinear,crystallize_96ps,current_order,current_order_radial_duplicate,10,17674,0.997899562295268,-0.20758762544879072,2.1305109090714036,0.20742512664589782,0.205355232215008
future,nonlinear,crystallize_96ps,current_order,current_order_plus_gatr,10,17674,1.431281877435231,0.012872372785399655,2.762518454238627,0.20742512664589782,0.204456288398968
future,nonlinear,crystallize_96ps,current_order_radial_duplicate,current_order_plus_gatr,10,17674,0.43775062672802845,-0.2215108545921607,1.042920026882033,0.205355232215008,0.204456288398968
