method,horizon_ps,persistence_frames,threshold,validation_f1,tp,fp,fn,tn,n,positive,prevalence,accuracy,precision,recall,specificity,false_positive_rate,balanced_accuracy,f1,auroc,average_precision,timing_mae_ps,timing_bias_ps,timing_median_absolute_error_ps,timing_p90_absolute_error_ps,timing_within_0_75_ps,timing_within_1_5_ps,timing_within_3_ps,timed_within_1_5_ps_recall,accuracy_ci95_lower,accuracy_ci95_upper,accuracy_bootstrap_valid,precision_ci95_lower,precision_ci95_upper,precision_bootstrap_valid,recall_ci95_lower,recall_ci95_upper,recall_bootstrap_valid,f1_ci95_lower,f1_ci95_upper,f1_bootstrap_valid,false_positive_rate_ci95_lower,false_positive_rate_ci95_upper,false_positive_rate_bootstrap_valid,timing_mae_ps_ci95_lower,timing_mae_ps_ci95_upper,timing_mae_ps_bootstrap_valid,timing_bias_ps_ci95_lower,timing_bias_ps_ci95_upper,timing_bias_ps_bootstrap_valid,timed_within_1_5_ps_recall_ci95_lower,timed_within_1_5_ps_recall_ci95_upper,timed_within_1_5_ps_recall_bootstrap_valid
ar,3,3,0.18267489969730377,0.38986397542781925,2010,3303,2390,773797,781500,4400,0.005630198336532309,0.9927152911068458,0.378317334839074,0.45681818181818185,0.9957495817784069,0.004250418221593103,0.7262838817982944,0.41387830742304127,0.963063488231303,0.368216090732794,0.8727611940298508,-0.36156716417910445,0.75,2.25,0.6407960199004975,0.8512437810945274,1.0,0.38886363636363636,0.9907948816285466,0.9944248904333268,2000,0.32554675342106926,0.43250244846412567,2000,0.42654375819672835,0.48735570840448916,2000,0.3728261538536985,0.4531187625117862,2000,0.003169489225127106,0.005453279536536612,2000,0.8508344138897056,0.8955383893904181,2000,-0.42916404840292505,-0.2839995332766998,2000,0.3605684830776116,0.4162905622330123,2000
ar,3,5,0.25992363691329956,0.38431876606683807,1699,3070,2168,783504,790441,3867,0.004892205743376166,0.9933733194507876,0.3562591738309918,0.4393586759762089,0.9960969978666978,0.0039030021333021432,0.7177278369214534,0.39346919870310326,0.966060942890428,0.34618837259044055,0.872277810476751,-0.29311359623307826,0.75,2.25,0.6409652736904061,0.8522660388463802,1.0,0.3744504784070339,0.9915970578840575,0.9949668208205554,2000,0.3007301783467806,0.4154276711409603,2000,0.41069245435893287,0.46768082348025863,2000,0.3504450653172268,0.43459097115266504,2000,0.0028847845603237484,0.00505114632256232,2000,0.8405793165640244,0.9044008887086203,2000,-0.3644129970988869,-0.2208985212891463,2000,0.34785909229622863,0.399750078651489,2000
ar,3,9,0.2650938928127289,0.3680981595092024,1574,3255,1898,790489,797216,3472,0.0043551559426805286,0.9935362561714768,0.32594740111824394,0.4533410138248848,0.9958991816001129,0.004100818399887117,0.7246200977124988,0.37923141790145765,0.9653399067313534,0.32632331186339303,0.8662642947903431,-0.28875476493011437,0.75,2.25,0.644853875476493,0.8513341804320204,1.0,0.3859447004608295,0.991800790974723,0.9950870276199631,2000,0.2770562353154664,0.37977704520001243,2000,0.42142548698503474,0.48394219815638606,2000,0.3394888045412403,0.4192056765362592,2000,0.0030649603165655475,0.005265030026519338,2000,0.834193283922737,0.9022441954643629,2000,-0.3569757598767522,-0.21428571428571427,2000,0.3562305103089002,0.41394772131554797,2000
ar,6,3,0.08017903566360474,0.4633000897050288,4979,5908,4576,766037,781500,9555,0.012226487523992323,0.9865847728726808,0.4573344355653532,0.5210884353741496,0.9923466050042425,0.0076533949957574695,0.756717520189196,0.48713433127873984,0.9172900582200466,0.4436614444410665,1.64596304478811,-0.7397569793131151,1.5,3.75,0.43402289616388834,0.6242217312713396,0.8682466358706568,0.3252747252747253,0.9831855822985535,0.9896439033765214,2000,0.41315133426115686,0.5020103716710974,2000,0.49907291312980656,0.545354552839568,2000,0.45834794729419154,0.5146715402163112,2000,0.005828191693969457,0.009691888403069884,2000,1.5766470406281734,1.7144871729232352,2000,-0.8488812692244871,-0.6213340553080393,2000,0.30989235838160134,0.34054909616390583,2000
ar,6,5,0.22664295136928558,0.4517699943809702,4069,4899,4509,776964,790441,8578,0.010852169864670481,0.9880977833892726,0.4537243532560214,0.4743529960363721,0.9937341964001366,0.006265803599863403,0.7340435962182543,0.46380941525133934,0.9193786908140885,0.4156027352239412,1.5836814942246251,-0.34652248709756694,1.5,3.75,0.45097075448513146,0.6340624231998034,0.8859670680756943,0.30076941011890884,0.9850796642163391,0.9907852200856404,2000,0.40720530400225907,0.5020760678899481,2000,0.4583117709343354,0.4943658684070116,2000,0.4373641060485386,0.4877462037846764,2000,0.004753989632985457,0.007949016920720897,2000,1.5340976476028294,1.6331885435071616,2000,-0.46393102682706644,-0.22703847403916474,2000,0.2867203662440106,0.31506268748972316,2000
ar,6,9,0.22664295136928558,0.4314586427326145,3761,5466,3882,784107,797216,7643,0.009587113153775138,0.9882741941958014,0.40760810664354613,0.49208426010728773,0.9930772708793234,0.006922729120676619,0.7425807654933055,0.4458802608180202,0.9196776737361358,0.38824212012345527,1.578370114331295,-0.39504121244349905,1.5,3.75,0.4536027652220154,0.6381281574049454,0.8862004785961181,0.31401282219023946,0.9853560113987418,0.9909499043717936,2000,0.3644975300190835,0.45509649934101476,2000,0.4728354229880384,0.5126888834462014,2000,0.41831741885690576,0.4724990165443512,2000,0.005289032578538141,0.008743728111395455,2000,1.5352524216828987,1.6239574810558703,2000,-0.5171822279594369,-0.2659379608334933,2000,0.29784431999345856,0.3299473155498037,2000
ar,9,3,0.00721996882930398,0.48183203942004327,7690,8014,7240,758556,781500,14930,0.01910428662827895,0.9804811260396673,0.48968415690269995,0.5150703281982585,0.989545638363098,0.010454361636902044,0.7523079832806783,0.5020565384866488,0.874125078274015,0.44691742704841253,2.3916124837451234,-1.142847854356307,2.25,5.25,0.32873862158647593,0.48439531859557866,0.7226267880364109,0.24949765572672472,0.9755553946895498,0.9849291067163226,2000,0.4464762637995712,0.5361483799561628,2000,0.49158150533096145,0.5401245464641676,2000,0.47725461326370006,0.5250743395575825,2000,0.007930410413064023,0.013289383485721656,2000,2.289414559693554,2.4841584980257014,2000,-1.3024462412076971,-0.9636110864803787,2000,0.23803670630347165,0.2609201989557562,2000
ar,9,5,0.11985613405704498,0.46460384435067975,6662,7307,6959,769513,790441,13621,0.017232152684387575,0.9819518471334356,0.47691316486505836,0.4890977167608839,0.9905937025308308,0.009406297469169177,0.7398457096458574,0.4829285973178688,0.8762326908235426,0.4212806385868419,2.3222755929150405,-0.8272290603422395,2.25,5.25,0.3392374662263585,0.4978985289702792,0.7379165415791054,0.24352103369796638,0.9773374435310556,0.9860731155327648,2000,0.43258124707422163,0.5232823070829579,2000,0.46837783286923196,0.512023335837701,2000,0.45979051514061026,0.5031185513807662,2000,0.007168539915006073,0.012134073384722329,2000,2.223994617783033,2.4178927366333878,2000,-0.990509586237219,-0.6483796772362596,2000,0.23350473354802492,0.2539945619819164,2000
ar,9,9,0.19068597257137299,0.4474055092889173,5837,7097,6403,777879,797216,12240,0.015353429936177899,0.9830660699233332,0.45129117055821866,0.4768790849673203,0.9909589592548053,0.009041040745194757,0.7339190221110627,0.46373242234051004,0.8759918244825737,0.3970019412468687,2.303837587801953,-0.6966763748500943,1.5,5.25,0.34384101421963337,0.5083090628747644,0.7423333904402947,0.24240196078431372,0.9787329869292978,0.9869459097220582,2000,0.4052935539520386,0.49977643990558296,2000,0.45588728046667304,0.4993986604956571,2000,0.4386767627519851,0.4871002045711061,2000,0.006941817733401261,0.011538685344021254,2000,2.223825153646248,2.382708518693968,2000,-0.8681689197794238,-0.5142337586850816,2000,0.2321783911641442,0.25228765400074893,2000
direct,3,3,-0.13570639491081238,0.351652727996814,2049,4129,2351,772971,781500,4400,0.005630198336532309,0.9917082533589251,0.3316607316283587,0.4656818181818182,0.9946866555140909,0.005313344485909149,0.7301842368479545,0.38740782756664777,0.9600946964822591,0.2725768175595116,0.8275988286969254,-0.26537335285505126,0.75,2.25,0.6749633967789166,0.8814055636896047,1.0,0.41045454545454546,0.9891022919378492,0.9938954426516019,2000,0.27298219744008656,0.4053261079708587,2000,0.4374168043153797,0.4924245289506258,2000,0.3406069062023678,0.43743752595447555,2000,0.0036659615833236105,0.007284650750829894,2000,0.7957817559575673,0.858164640859152,2000,-0.3368319671864107,-0.19300844944193957,2000,0.3851501011702226,0.43457324919795154,2000
direct,3,5,-0.0916847214102745,0.3218032616599148,1754,4228,2113,782346,790441,3867,0.004892205743376166,0.9919778958834372,0.2932129722500836,0.4535815877941557,0.9946247905473611,0.005375209452638912,0.7241031891707583,0.3561782922124074,0.9622724093436341,0.23976454926533067,0.8132839224629419,-0.19327251995438996,0.75,2.25,0.6767388825541619,0.8933865450399088,1.0,0.4052236876131368,0.9892532500368342,0.9941460031813724,2000,0.23593889975372875,0.3653889016407803,2000,0.4256585460123196,0.4811798412474754,2000,0.3085905021955601,0.4081657015199538,2000,0.003596508561672632,0.007601081436646056,2000,0.7775279582213878,0.8469540588160459,2000,-0.26443397302208344,-0.12376336316122913,2000,0.38116754806143543,0.42900404771876793,2000
direct,3,9,0.03996770456433296,0.30638420521689,1217,2467,2255,791277,797216,3472,0.0043551559426805286,0.9940768875687392,0.3303474484256243,0.3505184331797235,0.996891945009978,0.003108054990021972,0.6737051890948508,0.34013415315818896,0.9615639345766848,0.21914669870162706,0.836277732128184,0.09552177485620378,0.75,2.25,0.6754313886606409,0.8890714872637634,1.0,0.31163594470046085,0.992324588333932,0.9956447893815022,2000,0.2645397395304771,0.4129326754390706,2000,0.3228008093185974,0.3789110317008311,2000,0.29781424983024857,0.38699869275061544,2000,0.0021150567650628717,0.0042866980811366385,2000,0.7992316881756036,0.8797863838821361,2000,0.022423168486812847,0.17147126379964805,2000,0.28435239617141056,0.33949930954886515,2000
direct,6,3,-0.1883011907339096,0.44471896232242125,5003,6942,4552,765003,781500,9555,0.012226487523992323,0.9852923864363403,0.4188363331938049,0.523600209314495,0.9910071313370771,0.008992868662922877,0.757303670325786,0.4653953488372093,0.9344300086803579,0.40050891600458194,1.5903957625424745,-0.4160003997601439,1.5,3.75,0.4549270437737358,0.6444133519888067,0.8796721966819908,0.33741496598639453,0.9809254437537821,0.9890520683334493,2000,0.3618689551584666,0.48293173830650865,2000,0.4985256190864139,0.549023924347612,2000,0.4243050298383774,0.5060120715893072,2000,0.006367836632371948,0.012265313496603914,2000,1.5241297367917186,1.654915174159832,2000,-0.5487579842696987,-0.27111345454931457,2000,0.32025082482980693,0.35418406571446964,2000
direct,6,5,-0.11395043134689331,0.4165205091937765,4187,6052,4391,775811,790441,8578,0.010852169864670481,0.9867883877481052,0.4089266529934564,0.4881091163441362,0.992259513495331,0.007740486504668976,0.7401843149197336,0.445023117393846,0.9352022647462368,0.3668038557099009,1.5929663243372343,-0.22050394076904706,1.5,3.75,0.4521136852161452,0.6407929304991641,0.880105087174588,0.31277687106551644,0.9828692902681133,0.9900229203909229,2000,0.3533135684954198,0.4716134246359142,2000,0.4648511979754848,0.5120357412105402,2000,0.4103824037352477,0.47932782960432246,2000,0.005501827658577607,0.010578969686538327,2000,1.5378009505647416,1.6471148227692936,2000,-0.38062052789348033,-0.05562587479296343,2000,0.2977921069950055,0.32778104034493966,2000
direct,6,9,-0.07830547541379929,0.3988801655407462,3612,6066,4031,783507,797216,7643,0.009587113153775138,0.9873346746678441,0.37321760694358336,0.47258929739631034,0.9923173664752974,0.0076826335247025925,0.7324533319358039,0.41706598926159,0.9343997795913334,0.3387645158893775,1.5494186046511629,-0.1532392026578073,1.5,3.75,0.4601328903654485,0.6550387596899225,0.8870431893687708,0.309564307209211,0.9837447554423002,0.99045783766627,2000,0.31927943094742184,0.4338467795949207,2000,0.44678700166063506,0.4971268428109082,2000,0.38016736110335797,0.45305943876964405,2000,0.005497534901730176,0.010239853855959623,2000,1.5063729766553462,1.5955465433029288,2000,-0.30801946476462794,0.017114495426958882,2000,0.2912896137738971,0.32695680750239486,2000
direct,9,3,-0.18762890994548798,0.47103430675562363,7594,7972,7336,758598,781500,14930,0.01910428662827895,0.9804120281509917,0.4878581523833997,0.5086403215003349,0.9896004278800371,0.010399572119962952,0.749120374690186,0.49803252885624344,0.9012501452940993,0.4395741673748239,2.2508888596260204,-0.4245786146958125,1.5,5.25,0.3530418751646036,0.5171187779826178,0.7540163286805373,0.26302746148693906,0.9748598846393675,0.9851977026483749,2000,0.4302516441148149,0.5486736141880321,2000,0.4866033886706444,0.5317267755916585,2000,0.4633639107484249,0.5300442268457304,2000,0.007447749796149937,0.014044184874526078,2000,2.169115385354942,2.33110876992904,2000,-0.6121186008744437,-0.21898675164730275,2000,0.2508259339340432,0.2752751523907868,2000
direct,9,5,-0.1331876814365387,0.44756266338612943,6644,7822,6977,768998,790441,13621,0.017232152684387575,0.9812775400061484,0.4592838379648832,0.4877762278834153,0.9899307432867331,0.01006925671326691,0.7388534855850742,0.4731014348275003,0.90198677945584,0.40859611266853363,2.243565623118603,-0.33831276339554484,1.5,5.25,0.35580975316074653,0.5167068031306442,0.7527092113184829,0.2520372953527641,0.976017274293054,0.9857764777555242,2000,0.4066037824896014,0.5173558146604688,2000,0.4654731864309842,0.5116852823185195,2000,0.44390965066936594,0.5006475596036992,2000,0.0072981471524252795,0.013598201984892247,2000,2.164455653286179,2.322584000551861,2000,-0.5426286947555126,-0.10789457412928594,2000,0.2405661095261953,0.263976443742617,2000
direct,9,9,-0.09208957105875015,0.43159683368560653,5854,7739,6386,777237,797216,12240,0.015353429936177899,0.9822820916790431,0.4306628411682484,0.47826797385620917,0.9901410998552822,0.0098589001447178,0.7342045368557457,0.453218751209693,0.9013752871450348,0.38326224332995673,2.26563033823027,-0.24342330030748208,1.5,5.25,0.35326272634096345,0.5182781004441408,0.7495729415784079,0.24787581699346406,0.977457225149973,0.9864623699848162,2000,0.37452172206316303,0.4898580982961168,2000,0.4543986256581065,0.5019601693327627,2000,0.4199483643701884,0.4837853404215229,2000,0.007186787207706867,0.01299660746267487,2000,2.1935150220788544,2.3395773637830692,2000,-0.4633370936871325,0.0010078732813085546,2000,0.23479399622588507,0.2612716314783044,2000
persistence,3,3,-0.2220003604888916,0.159221362615423,1134,7683,3266,769417,781500,4400,0.005630198336532309,0.9859897632757517,0.12861517522966995,0.25772727272727275,0.9901132415390554,0.009886758460944537,0.6239202571331641,0.1715971854429901,0.8546532306886909,0.08378867332016056,0.8591269841269841,-0.8591269841269841,0.75,2.25,0.6278659611992945,0.8209876543209876,1.0,0.21159090909090908,0.9811710918905936,0.9898935179454617,2000,0.10335419424178806,0.1627399266789235,2000,0.23558469757909795,0.2809711092260865,2000,0.14505613782189822,0.2027464151167204,2000,0.006847613125604399,0.013822637272084102,2000,0.8096505681818182,0.9085878106463138,2000,-0.9085878106463139,-0.8096505681818182,2000,0.19429543796576113,0.23145071194269154,2000
persistence,3,5,-0.2081575095653534,0.1384126984126984,1002,8508,2865,778066,790441,3867,0.004892205743376166,0.9856118293458968,0.1053627760252366,0.2591155934833204,0.989183471612334,0.010816528387666004,0.6241495325478272,0.1498093742991702,0.8547960550577776,0.06723028325843312,0.8473053892215568,-0.8473053892215568,0.75,2.25,0.6357285429141717,0.8223552894211577,1.0,0.213085078872511,0.9803513431006649,0.9896469898946195,2000,0.08465866233263403,0.13277970520689478,2000,0.2381580643082673,0.28264960373342296,2000,0.12663010110844242,0.17671770474081186,2000,0.007465359978993496,0.01514891220269477,2000,0.7931980056980057,0.9101444026711536,2000,-0.9101444026711536,-0.7931980056980057,2000,0.19670478007703626,0.2306027257967503,2000
persistence,3,9,-0.2081575095653534,0.1256016847172082,938,9511,2534,784233,797216,3472,0.0043551559426805286,0.9848911712760406,0.08976935591922672,0.2701612903225806,0.9880175472192546,0.01198245278074543,0.6290894187709176,0.13476043387687667,0.853538735229483,0.057742132925182314,0.8355543710021321,-0.8355543710021321,0.75,2.25,0.6396588486140725,0.826226012793177,1.0,0.22321428571428573,0.9795665070943986,0.9890703615584784,2000,0.07166302287739815,0.11420780181361255,2000,0.24450314945432852,0.2983533358284871,2000,0.11280395040376373,0.16081797180081683,2000,0.008357160676520476,0.01652287992446627,2000,0.7845148468516006,0.8900329276354821,2000,-0.8900329276354821,-0.7845148468516006,2000,0.20273093753746552,0.24512700536820456,2000
persistence,6,3,-0.49175721406936646,0.19045097520077664,3751,27969,5804,743976,781500,9555,0.012226487523992323,0.9567843889955214,0.11825346784363178,0.39256933542647826,0.9637681441035307,0.03623185589646931,0.6781687397650045,0.1817565112053301,0.7751124055369267,0.0996903867298208,2.081444948013863,-2.081444948013863,1.5,4.5,0.3625699813383098,0.5027992535323914,0.7470007997867235,0.19738356881214025,0.9427080201530523,0.9677233594473527,2000,0.09887610737157594,0.1418217607338216,2000,0.3605815528335077,0.4251242112754561,2000,0.15666954150888623,0.21093499583165554,2000,0.026869924867959766,0.04862937165326909,2000,1.9913186642691714,2.1600386190595016,2000,-2.1600386190595016,-1.9913186642691714,2000,0.18610542316035633,0.20936248835880028,2000
persistence,6,5,-0.4899919629096985,0.16376026184471748,3467,31492,5111,750371,790441,8578,0.010852169864670481,0.9536929384988886,0.0991733173145685,0.4041734670086267,0.9597218438524396,0.040278156147560376,0.6819476554305332,0.15926683051197832,0.7711369955201549,0.08273533749120315,2.126694548601096,-2.126694548601096,2.25,4.5,0.3579463513123738,0.4932218055956158,0.7343524661090279,0.19934716717183493,0.9383231393840376,0.9655860186284813,2000,0.08228947346250592,0.11891181589937917,2000,0.3698082895819085,0.4397364417384272,2000,0.13604577187986103,0.18519898368044138,2000,0.029672963443228135,0.05457013950836726,2000,2.0255061359307014,2.2179168019881934,2000,-2.2179168019881934,-2.0255061359307014,2000,0.18869889131579234,0.20953897682846934,2000
persistence,6,9,-0.3130936026573181,0.14619074721522074,1979,17260,5664,772313,797216,7643,0.009587113153775138,0.9712449323646289,0.10286397421903426,0.25892973963103494,0.9781400833108528,0.021859916689147173,0.6185349114709439,0.14723606874488504,0.7695815095472286,0.07057418037032583,1.9729661445174331,-1.9729661445174331,1.5,4.5,0.4067710965133906,0.5346134411318848,0.7544214249621021,0.13842731911553055,0.9611021993164944,0.9791730831230653,2000,0.08097412300040753,0.13036005020201297,2000,0.22878746658236973,0.29061271519523857,2000,0.12117607880489395,0.176711535850366,2000,0.015238805688432146,0.030572766155884567,2000,1.8496734559363162,2.087104918715089,2000,-2.087104918715089,-1.8496734559363162,2000,0.1282595001205151,0.14924836409584094,2000
persistence,9,3,-0.5497853755950928,0.20573764967537572,5313,33893,9617,732677,781500,14930,0.01910428662827895,0.9443250159948816,0.13551497219813294,0.3558606831882117,0.9557861643424606,0.044213835657539426,0.6558234237653361,0.1962834343135806,0.7183989118864497,0.10584628143538272,3.121964991530209,-3.121964991530209,3.0,6.75,0.2808206286467156,0.3916807829851308,0.587991718426501,0.13938379102478232,0.9283726607545524,0.9571366510830246,2000,0.11581222495335193,0.15895304046697925,2000,0.32424389719667834,0.38830645460053753,2000,0.1723169132279581,0.22298494750521636,2000,0.033893601481713914,0.057488646923697956,2000,2.9799395183477064,3.247902828375732,2000,-3.247902828375732,-2.9799395183477064,2000,0.13285251718182559,0.14642415045572013,2000
persistence,9,5,-0.503015398979187,0.18233960867755214,4515,32044,9106,744776,790441,13621,0.017232152684387575,0.9479404534936826,0.1234990016138297,0.3314734600983775,0.9587497747225869,0.041250225277413045,0.6451116174104823,0.17995217218015144,0.7152274874646316,0.0901431229486747,3.166112956810631,-3.166112956810631,3.0,6.75,0.2819490586932447,0.3891472868217054,0.57984496124031,0.12899199765068645,0.9314941338379387,0.9610296948537806,2000,0.10274804257437563,0.14815131195035544,2000,0.30026016912977305,0.36554043984415036,2000,0.15487196774874873,0.20696305371837684,2000,0.03050265909222369,0.055796203373753434,2000,3.0045434135267137,3.3151982583279778,2000,-3.3151982583279778,-3.004543413526714,2000,0.12279067618888727,0.13508434179489467,2000
persistence,9,9,-0.49175721406936646,0.16288033374144106,4039,33481,8201,751495,797216,12240,0.015353429936177899,0.9477155501143981,0.10764925373134328,0.32998366013071895,0.9573477405678645,0.042652259432135506,0.6436657003492917,0.16233922829581993,0.715202541411532,0.07925648890339046,3.2295122555087894,-3.2295122555087894,3.0,7.5,0.2812577370636296,0.38524387224560536,0.5704382272839812,0.12712418300653594,0.9314429569218814,0.9610062558186081,2000,0.08919968332659026,0.1294092822555324,2000,0.29597831515940387,0.3640406687345434,2000,0.13916586196964068,0.18873671655139906,2000,0.031440812703320685,0.05696991737463401,2000,3.057759988318539,3.3733818196976606,2000,-3.3733818196976606,-3.057759988318539,2000,0.11936082281119459,0.13444338682355897,2000
history_mean,3,3,-0.6974509358406067,0.09366375668825684,1893,38694,2507,738406,781500,4400,0.005630198336532309,0.9472795905310301,0.04664054992978047,0.43022727272727274,0.9502071805430446,0.049792819456955344,0.6902172266351587,0.08415764554204548,0.8017708749605176,0.03412329164460555,1.0091125198098256,-1.0091125198098256,0.75,2.25,0.5541468568409932,0.7849973586899102,1.0,0.3377272727272727,0.9305882149478946,0.9606812069800859,2000,0.038470282349340294,0.05719704823292898,2000,0.37573720716794934,0.4858133403167536,2000,0.07029478509479054,0.1016426663702986,2000,0.037062136706115356,0.065765063313632,2000,0.981731468157105,1.0341955626238397,2000,-1.0341955626238397,-0.981731468157105,2000,0.2957919950941456,0.38094953489287336,2000
history_mean,3,5,-0.7018662095069885,0.07329317269076305,1661,44245,2206,742329,790441,3867,0.004892205743376166,0.9412340706010949,0.03618263407833398,0.4295319369019912,0.9437497298410575,0.056250270158942454,0.6866408333715244,0.06674301328029253,0.7942702924370266,0.027883604273155452,1.00105358217941,-1.00105358217941,0.75,2.25,0.5593016255267911,0.7826610475617098,1.0,0.3361779156969227,0.9225605630777081,0.955774743235383,2000,0.02996861501918434,0.04357847054143025,2000,0.37626403335614933,0.48716473037205266,2000,0.055776071772005276,0.07960408361147267,2000,0.04223292216522282,0.0739155816396646,2000,0.9696489661155647,1.0294622550003345,2000,-1.0294622550003345,-0.9696489661155647,2000,0.29556991328860976,0.3796600552441404,2000
history_mean,3,9,-0.1915721297264099,0.06285845377380132,299,4817,3173,788927,797216,3472,0.0043551559426805286,0.989977622124995,0.05844409695074277,0.08611751152073732,0.9939312927089843,0.006068707291015743,0.5400244021148608,0.06963204471355379,0.7918046641295995,0.025060162987919597,0.9130434782608695,-0.9130434782608695,0.75,2.25,0.6053511705685619,0.8093645484949833,1.0,0.06970046082949309,0.9865735939188913,0.9928084773859535,2000,0.043765994118845,0.08187236212164162,2000,0.06367069307830811,0.10966091623870271,2000,0.055870076910512566,0.08654447389134143,2000,0.003702678765458922,0.008886044093461228,2000,0.8514859282593836,0.9646305510814542,2000,-0.9646305510814542,-0.8514859282593837,2000,0.051289564487938366,0.08824419975361002,2000
history_mean,6,3,-0.7252271175384521,0.14108990572545413,3472,41237,6083,730708,781500,9555,0.012226487523992323,0.939449776071657,0.07765774228902458,0.36336996336996336,0.9465803910900388,0.053419608909961204,0.6549751772300011,0.12796697626418987,0.7303589123193776,0.05118741199501789,2.275057603686636,-2.275057603686636,2.25,4.5,0.3222926267281106,0.4576612903225806,0.7013248847926268,0.1663003663003663,0.921565769298959,0.9541185535255313,2000,0.0649588398514949,0.09374993432424696,2000,0.3172551263472793,0.41174049510787686,2000,0.10875083209293632,0.15116419724035116,2000,0.04035477199253365,0.06964681699857007,2000,2.2065180294160966,2.3347319743820014,2000,-2.3347319743820014,-2.2065180294160966,2000,0.14744180730599035,0.18637684670511367,2000
history_mean,6,5,-0.7018662095069885,0.11466344076730321,2946,42960,5632,738903,790441,8578,0.010852169864670481,0.9385254560428925,0.06417461769703307,0.34343669853112613,0.9450543125841739,0.05494568741582605,0.64424550555765,0.10814183980618162,0.7219668520728126,0.043319995207395934,2.338849287169043,-2.338849287169043,2.25,4.5,0.3153428377460964,0.4412763068567549,0.6822810590631364,0.15155047796689206,0.9193560416912178,0.9536566529262399,2000,0.053143295694215165,0.07746938356980956,2000,0.29618827300508704,0.3937900287427986,2000,0.09116694960876019,0.12777870017007348,2000,0.041019417892767,0.07252918051125457,2000,2.2677580300640066,2.400054849385197,2000,-2.400054849385197,-2.2677580300640066,2000,0.13334828190326248,0.17066540709052616,2000
history_mean,6,9,-0.7018662095069885,0.09317335867585333,2683,46955,4960,742618,797216,7643,0.009587113153775138,0.9348796311162847,0.05405133164108143,0.3510401674735052,0.9405311478482673,0.05946885215173264,0.6457856576608862,0.09367853214853093,0.7202340397887249,0.037975918379396637,2.323797987327618,-2.323797987327618,2.25,5.100000000000136,0.3183004099888185,0.44726052925829296,0.6861721953037644,0.15700641109511973,0.9153878149186095,0.9508754201308217,2000,0.044877250839191814,0.06554527903913845,2000,0.3007221732737615,0.40388940573484233,2000,0.07866456850297762,0.11223350774340624,2000,0.04452644153201531,0.07763988762956757,2000,2.2621478070353405,2.379892514224751,2000,-2.379892514224751,-2.2621478070353405,2000,0.1374978554415801,0.17702707398401232,2000
history_mean,9,3,-0.7252271175384521,0.16560719208377048,4533,40176,10397,726394,781500,14930,0.01910428662827895,0.9352872680742162,0.10138898208414414,0.30361687876758203,0.947589913510834,0.05241008648916603,0.625603396139208,0.15201462130485086,0.6840690771246463,0.0621806748175096,3.3969225678358703,-3.3969225678358703,3.0,7.5,0.2468563864990073,0.35054048091771456,0.5371718508713876,0.10643000669792364,0.9166659441814652,0.9508524585493422,2000,0.08466033529758471,0.1228256321736845,2000,0.2628416146395549,0.34766192350717817,2000,0.1293067325975395,0.17871961610735226,2000,0.03953899417173333,0.06867934835756187,2000,3.290580560954167,3.4823060559940733,2000,-3.4823060559940733,-3.290580560954167,2000,0.09428775896633834,0.11949188593145732,2000
history_mean,9,5,-0.724197506904602,0.1400978720249129,4201,45213,9420,731607,790441,13621,0.017232152684387575,0.930882886894784,0.08501639211559477,0.308420820791425,0.9417973275662316,0.05820267243376844,0.6251090741788283,0.13329102879352742,0.6784804457050686,0.05418754004110395,3.556653177814806,-3.556653177814806,3.0,7.5,0.2339919066888836,0.3280171387764818,0.5063080218995477,0.10116731517509728,0.9106631519134863,0.9471937708933591,2000,0.07131285568771124,0.10193227930843415,2000,0.2664379391176142,0.35490575603745367,2000,0.1144290772966884,0.15623174682526833,2000,0.043886204321180504,0.07617377077270962,2000,3.4347458471111243,3.659124633247163,2000,-3.659124633247163,-3.4347458471111243,2000,0.09027735992459246,0.11301076153132976,2000
history_mean,9,9,-0.724197506904602,0.11617398502983683,3849,49479,8391,735497,797216,12240,0.015353429936177899,0.9274098864046884,0.07217596759675968,0.3144607843137255,0.9369674996433012,0.0630325003566988,0.6257141419785133,0.11740483162518302,0.678357002170284,0.04798950979095098,3.581449727201871,-3.581449727201871,3.0,7.5,0.2338269680436477,0.3289166017147311,0.5048064432320083,0.1034313725490196,0.9068259993480661,0.9445588306738063,2000,0.06037442359842297,0.08685880244773579,2000,0.2715818247377065,0.3602369000308123,2000,0.09990252150270212,0.1388191240479297,2000,0.04770173482782702,0.08171369195101105,2000,3.471031747826555,3.677769944173494,2000,-3.677769944173494,-3.471031747826555,2000,0.09229650739410061,0.11545339956088617,2000
linear_trend,3,3,-0.049882634480794275,0.24250431954466914,1378,4836,3022,772264,781500,4400,0.005630198336532309,0.9899449776071657,0.2217573221757322,0.3131818181818182,0.993776862694634,0.006223137305366105,0.6534793404382261,0.25965705671754286,0.8599668652975515,0.14383672677288084,0.8588534107402032,-0.19049346879535559,0.75,2.25,0.6523947750362845,0.872278664731495,1.0,0.2731818181818182,0.9870507560393557,0.9924527973960005,2000,0.18587144572712036,0.26391294703330614,2000,0.2957130363818952,0.3303471784994619,2000,0.23166368049945724,0.2889204886177067,2000,0.00452597536858488,0.008270044590073073,2000,0.8176924064224574,0.8991369763565285,2000,-0.2562046787523327,-0.12266105713061766,2000,0.25667351505821356,0.29067610274341044,2000
linear_trend,3,5,-0.006042204300562515,0.21755146262188513,1156,4687,2711,781887,790441,3867,0.004892205743376166,0.9906406676779165,0.19784357350676024,0.29893974657357125,0.9940412472316654,0.005958752768334575,0.6464904969026184,0.23810504634397528,0.8612412908530613,0.12132381465129383,0.8784602076124568,-0.08304498269896193,0.75,2.25,0.6470588235294118,0.8676470588235294,1.0,0.2593741918800103,0.9877556064828722,0.9930208503061903,2000,0.1626830576862876,0.24316321162321006,2000,0.28066414715429877,0.3168660956125383,2000,0.212126596200918,0.265231960627307,2000,0.004190119523731615,0.008135225053991307,2000,0.8294393239490078,0.9286703394877902,2000,-0.1718021053429074,0.0025531960593389055,2000,0.24359178280385135,0.2758371150462849,2000
linear_trend,3,9,-0.004910478989283262,0.2010886967659302,1049,5248,2423,788496,797216,3472,0.0043551559426805286,0.9903777646208807,0.16658726377640146,0.30213133640552997,0.9933882964784616,0.0066117035215384305,0.6477598164419958,0.21476097860579385,0.8595664127825796,0.10325724818999579,0.8686844613918017,-0.09509056244041944,0.75,2.25,0.6510962821734986,0.8684461391801716,1.0,0.2623847926267281,0.9874916074645663,0.992778868914532,2000,0.13639236872664795,0.20496460628741497,2000,0.27865249445066514,0.325178359163939,2000,0.18864036382571375,0.24242515991940722,2000,0.004713102715910705,0.008912555897055335,2000,0.8263048595930722,0.911305740179676,2000,-0.18182578654614984,1.823929961079541e-05,2000,0.24114663022648006,0.2845048147859872,2000
linear_trend,6,3,0.032546281814575195,0.2674797729742785,2623,6202,6932,765743,781500,9555,0.012226487523992323,0.983193857965451,0.29722379603399435,0.27451596023024594,0.9919657488551645,0.008034251144835448,0.6332408545427053,0.2854189336235038,0.7794508802221972,0.18757341001324923,1.747903164315669,0.1855699580632863,1.5,3.75,0.40182996568814333,0.5951200914982844,0.8513152878383531,0.16336996336996337,0.9788957086050618,0.9868697078511314,2000,0.2597363568854797,0.338059478209468,2000,0.25778620771664346,0.2901866866283085,2000,0.26452512066483685,0.305655462555069,2000,0.00620075717085783,0.010203156736785474,2000,1.6942605624495837,1.7995928620016433,2000,0.029010193962529723,0.3462450063606133,2000,0.1525572302882376,0.17462805355034025,2000
linear_trend,6,5,0.052120508005221694,0.25310790651417203,2340,6715,6238,775148,790441,8578,0.010852169864670481,0.983612945178704,0.25842076200993924,0.27279086034040567,0.9914115388501566,0.008588461149843386,0.6321011995952812,0.26541144445074577,0.7762634882286271,0.16526225389374383,1.7467948717948718,0.18461538461538463,1.5,3.75,0.4115384615384615,0.5854700854700855,0.8581196581196581,0.15971088831895547,0.9792112609195849,0.9872995381730241,2000,0.22225559206884346,0.2984172230687163,2000,0.25385894011180665,0.29082543750130935,2000,0.24433592109258845,0.2858806341433992,2000,0.0064684473272453484,0.011181114892031321,2000,1.6889617604094103,1.8046408311984206,2000,0.024972760290556905,0.35131372369500785,2000,0.1483158607479571,0.17113060655801873,2000
linear_trend,6,9,0.08304994702339175,0.2372452377780738,1991,6556,5652,783017,797216,7643,0.009587113153775138,0.9846867097499298,0.23294723294723294,0.2604998037419861,0.9916967778786762,0.008303222121323804,0.6260982908103312,0.24595429277331687,0.774198421866267,0.1420432573979596,1.7761175288799598,0.29118533400301355,1.5,3.75,0.3992968357609242,0.5826217980914113,0.8518332496233049,0.15177286405861573,0.98069724225254,0.9881687211419508,2000,0.19758072034892574,0.2739711388073792,2000,0.23970760367523827,0.27988221300262606,2000,0.22437185561043846,0.2670422613542785,2000,0.006251203482552155,0.010766714586226356,2000,1.711735568393407,1.8430342662459571,2000,0.1519470588235294,0.44478610460233103,2000,0.13869648553900238,0.1648150629857947,2000
linear_trend,9,3,0.11305503845214844,0.25152605408901646,3684,9346,11246,757224,781500,14930,0.01910428662827895,0.9736506717850288,0.2827321565617805,0.24675150703281984,0.9878080279687439,0.012191972031256115,0.6172797675007818,0.263519313304721,0.7167562958948814,0.18282607693616215,2.5846905537459284,0.8139250814332247,2.25,5.25,0.28745928338762217,0.44381107491856675,0.6870249728555917,0.10951105157401206,0.967788584446419,0.978735099552466,2000,0.24812685334302934,0.31814256640282307,2000,0.23150660524604008,0.2622094139795473,2000,0.24538711891849674,0.2805030250611027,2000,0.010200201275488952,0.014561272530020477,2000,2.5014985723497705,2.6614343013863184,2000,0.6053202696959308,1.0380300707621373,2000,0.10094859257079039,0.11833444687582452,2000
linear_trend,9,5,0.15768300220370293,0.24033962918038468,3276,8760,10345,768060,790441,13621,0.017232152684387575,0.9758299480922675,0.27218344965104685,0.24051097569928787,0.9887232563528231,0.011276743647176951,0.6146171160260555,0.2553689051720778,0.7150271101438311,0.16460987381460507,2.63507326007326,0.967032967032967,2.25,6.0,0.2875457875457875,0.43253968253968256,0.674908424908425,0.10403054107627928,0.9702286606748649,0.980644833839947,2000,0.23915355285441808,0.3060369703551597,2000,0.22394287807941937,0.25704237946828684,2000,0.23944491511906665,0.27011166216250615,2000,0.009213841386928198,0.01376940242977186,2000,2.5432054788446443,2.72394641000543,2000,0.7274607138185467,1.2148876407643285,2000,0.09443270166083263,0.11415809115349981,2000
linear_trend,9,9,0.1696272552013397,0.2318486329893174,2931,9176,9309,775800,797216,12240,0.015353429936177899,0.9768130594468751,0.24209135211034938,0.2394607843137255,0.9883104706385928,0.011689529361407228,0.6138856274761592,0.24076888322996673,0.7147037891725061,0.14816884772343847,2.695240532241556,0.8799897645854657,2.25,6.0,0.27635619242579323,0.4281815080177414,0.659843056977141,0.10253267973856209,0.9714330492438061,0.9814274404284575,2000,0.20921632911411006,0.27729434843697515,2000,0.22195464178273946,0.2563783219284075,2000,0.22333151293434275,0.2570408530188707,2000,0.009515489687958146,0.014289277223463235,2000,2.5919279761611294,2.802668551316547,2000,0.6439918330696425,1.1312480292801745,2000,0.09199432620578446,0.11350665166291571,2000
observed_future,3,3,0.1898259073495865,0.6510721247563352,3371,1864,1029,775236,781500,4400,0.005630198336532309,0.99629814459373,0.6439350525310411,0.7661363636363636,0.9976013383090979,0.002398661690902072,0.8818688509727308,0.6997405293201868,0.9964405417578175,0.7264167214608591,0.36176208840106794,0.1370513200830614,0.0,1.5,0.8958765944823495,0.9738949866508454,1.0,0.7461363636363636,0.9950100988434015,0.9974110998799715,2000,0.5602276757755981,0.730835674422517,2000,0.7362099848037928,0.7952584820298008,2000,0.6390016323789081,0.7560862924337879,2000,0.0015276387490331203,0.0034416684914941836,2000,0.3310861422461351,0.3946986160794229,2000,0.09989600880796902,0.17563241085037468,2000,0.7153407804680091,0.775693460628756,2000
observed_future,3,5,0.3171423673629761,0.6326664051261932,2637,1676,1230,784898,790441,3867,0.004892205743376166,0.9963235712722391,0.6114073730581961,0.6819239720713731,0.997869240529181,0.0021307594708190204,0.8398966063002771,0.6447432762836186,0.9969964271323493,0.6829020342642135,0.4630261660978385,0.3378839590443686,0.0,1.5,0.8558968524838833,0.9654910883579826,1.0,0.6583915179725885,0.9950499905303645,0.9973928378503876,2000,0.5105463702612733,0.7170688465405327,2000,0.6458087629042116,0.7158863533562889,2000,0.5751121800949923,0.7106198807460049,2000,0.001318011382949191,0.003142660299179825,2000,0.42115419609056376,0.5097152190296134,2000,0.29605362975819505,0.37961955579285145,2000,0.6219647462465528,0.6937405067044484,2000
observed_future,3,9,0.3575286269187927,0.6224301715582021,2314,1842,1158,791902,797216,3472,0.0043551559426805286,0.9962369044274074,0.5567853705486044,0.6664746543778802,0.997679352536838,0.0023206474631619262,0.8320770034573591,0.6067121132669113,0.9968945530706228,0.6517440666005121,0.5020527225583405,0.40352203975799483,0.0,1.5,0.8401037165082109,0.9662921348314607,1.0,0.6440092165898618,0.9950049903955551,0.9972968047582296,2000,0.4639645404088109,0.6578678248340117,2000,0.6291625396986104,0.7017842022272888,2000,0.5391256631398178,0.6710470135559263,2000,0.001500999317388629,0.003302347036463666,2000,0.46229619718309856,0.5488667623889505,2000,0.37027981455114634,0.44191132198202443,2000,0.6055170901907685,0.6810754197091174,2000
observed_future,6,3,0.2308044284582138,0.7699647600975874,7737,2072,1818,769873,781500,9555,0.012226487523992323,0.9950223928342931,0.7887654195126924,0.8097331240188383,0.9973158709493553,0.0026841290506448,0.9035244974840968,0.7991117537698823,0.9967395852577717,0.8611133181599886,0.6370686312524234,0.24156649864288485,0.0,1.5,0.7875145405195813,0.902287708414114,0.9777691611735815,0.7306122448979592,0.9933503161388997,0.9965048551238447,2000,0.7242303500060888,0.8502397187483967,2000,0.7808791184437898,0.8369812217285852,2000,0.7545327299362048,0.8389611517819543,2000,0.0016743255839819324,0.003863965274635019,2000,0.5805802648344937,0.6944985687894597,2000,0.17338069243170107,0.31712739216702435,2000,0.6972317164579094,0.7621207484290239,2000
observed_future,6,5,0.35379359126091003,0.7632700982512514,6575,2162,2003,779701,790441,8578,0.010852169864670481,0.9947307895212926,0.7525466407233604,0.7664956866402425,0.9972348096789335,0.0027651903210664784,0.881865248159588,0.7594571181056887,0.9972953475270825,0.842285510255894,0.8449049429657794,0.5038403041825095,0.75,2.25,0.7050950570342205,0.8619011406844106,0.9706463878326996,0.6606435066449056,0.9930127799669348,0.9962007571066749,2000,0.6795448996719049,0.8241100167958888,2000,0.7338468104581062,0.7954885768450991,2000,0.7113742667202847,0.8032186603599843,2000,0.001776111990336134,0.0040582738201303805,2000,0.771684228733011,0.9217005516251917,2000,0.43563734291088546,0.5727645467627077,2000,0.6210366914533582,0.6989727300047865,2000
observed_future,6,9,0.3932800590991974,0.7487756452680344,5924,2596,1719,786977,797216,7643,0.009587113153775138,0.9945874142014209,0.6953051643192488,0.775088316106241,0.9967121469452476,0.0032878530547523787,0.8859002315257443,0.7330322341149539,0.9972412414475692,0.8154504095902775,0.8714128966914247,0.5807309250506415,0.75,2.25,0.6980081026333559,0.8622552329507089,0.9706279540850776,0.6683239565615596,0.9929146257898129,0.9960093459440406,2000,0.6222474012314803,0.7674230079638865,2000,0.7455476855278069,0.8016091707007695,2000,0.6860675430356263,0.7764679695336247,2000,0.002212629855657786,0.004580695389086645,2000,0.8007703989389033,0.9453131134650783,2000,0.5168552357136794,0.648214716352779,2000,0.6287195320592425,0.7046639994138673,2000
observed_future,9,3,0.2308044284582138,0.823738996786363,12722,2491,2208,764079,781500,14930,0.01910428662827895,0.9939872040946897,0.8362584631565109,0.8521098459477562,0.9967504598405886,0.003249540159411404,0.9244301528941724,0.8441097435557178,0.9969992450167783,0.9109338680699359,0.8188570979405754,0.27189121207357336,0.75,2.25,0.7392705549441911,0.8622072001257663,0.951186920295551,0.734695244474213,0.9919472668094474,0.9957893594965186,2000,0.7842057442136446,0.8839643583746417,2000,0.8251251425247272,0.876400127421596,2000,0.8072453841976813,0.8774340480714701,2000,0.0020590457026474452,0.004678257667794604,2000,0.7461402474307006,0.8927693677322526,2000,0.18173315818740382,0.367442110928702,2000,0.6998559824072184,0.767199321870408,2000
observed_future,9,5,0.35379359126091003,0.8191189529361801,11259,2671,2362,774149,790441,13621,0.017232152684387575,0.993632668345898,0.8082555635319454,0.8265912928566185,0.9965616230272135,0.0034383769727864884,0.911576457941916,0.8173206054226707,0.9975096218620605,0.9011225998994796,1.0638156141753263,0.5500932587263523,0.75,3.0,0.6452615685229595,0.807975841548983,0.937028155253575,0.6678657954628882,0.9914692162534496,0.9954030274170531,2000,0.7505750696915849,0.8631783558695496,2000,0.7986288756762014,0.8510573933682744,2000,0.7784145323169808,0.8515629880495846,2000,0.0022282763742415084,0.005021641542942582,2000,0.9633124384778919,1.1677755642392984,2000,0.45995335592041997,0.637394463856619,2000,0.6253948002948806,0.7092128629423257,2000
observed_future,9,9,0.39625853300094604,0.8064872834500553,10254,3399,1986,781577,797216,12240,0.015353429936177899,0.9932452434471962,0.7510437266534827,0.8377450980392157,0.9956699313100018,0.004330068689998166,0.9167075146746088,0.792028733634573,0.9974636280666271,0.8821186990131227,1.1167349327091867,0.5602691632533645,0.75,3.0,0.6320460308172421,0.8009557245952799,0.9322215720694363,0.6709967320261437,0.9912094689793401,0.9949988815264327,2000,0.6921206986902874,0.8095918514951749,2000,0.8117029269410515,0.8616725931751722,2000,0.7548175098991556,0.8267932019076697,2000,0.0029897505855243124,0.005967941791277107,2000,1.0271858350836514,1.2121739335362982,2000,0.4592939416607829,0.6588302597758753,2000,0.6313015741019463,0.708109955377302,2000
